date, pm25, pm10, o3, no2, so2, co
01-02-2025,325,166,35,24,2,10
02-02-2025,244,136,66,26,3,12
03-02-2025,191,224,32,36,4,14
04-02-2025,223,126,64,20,2,11
05-02-2025,191,130,49,22,5,12
06-02-2025,172,133,56,22,5,13
07-02-2025,152,156,43,42,7,12
08-02-2025,173,192,48,65,11,10
09-02-2025,193,293,48,75,7,9
10-02-2025,231,334,60,71,7,14
11-02-2025,247,176,38,38,6,7
12-02-2025,166,118,44,30,6,8
13-02-2025,144,90,24,31,6,7
14-02-2025,142, , , , , 
01-01-2025,242,208,47,28,4,44
02-01-2025,271,240,39,31,5,22
03-01-2025,312,487,17,53,9,37
04-01-2025,415,222,17,37,8,15
05-01-2025,270,182,16,36,8,8
06-01-2025,270,194,18,29,8,9
07-01-2025,245,227,18,39,8,24
08-01-2025,247,501,18,53,5,35
09-01-2025,428,431,19,44,6,33
10-01-2025,416,210,20,31,4,19
11-01-2025,273,150,19,31,3,19
12-01-2025,239,145,22,27,4,12
13-01-2025,211,218,49,33,3,20
14-01-2025,243,502,57,38,5,36
15-01-2025,446,210,51,43,4,19
16-01-2025,262,145,12,24,3,6
17-01-2025,211,187,19,28,4,9
18-01-2025,240,358,29,39,5,21
19-01-2025,312,213,22,35,4,8
20-01-2025,246,169,25,32,5,4
21-01-2025,212,187,22,46,6,8
22-01-2025,191,159,12,40,6,10
23-01-2025,202,126,15,31,5,9
24-01-2025,173,223,18,48,6,13
25-01-2025,193,172,46,40,5,12
26-01-2025,209,186,37,45,4,11
27-01-2025,215,232,44,50,6,15
28-01-2025,237,388,38,50,8,14
29-01-2025,339,363,47,41,5,8
30-01-2025,305,298,58,41,3,12
31-01-2025,303,294,51,42,4,10
01-10-2024,153,151,30,22,1,14
02-10-2024,160,161,35,22,3,13
03-10-2024,198,158,31,20,3,13
04-10-2024,141,129,32,17,2,11
05-10-2024,112,127,28,14,3,8
06-10-2024,122,114,24,15,2,11
07-10-2024,134,140,34,19,2,11
08-10-2024,162,123,31,18,2,11
09-10-2024,157,110,28,16,3,10
10-10-2024,137,113,38,16,3,9
11-10-2024,150,147,42,22,3,15
12-10-2024,158,205,30,26,5,12
13-10-2024,172,211,26,26,5,15
14-10-2024,195,206,33,35,5,11
15-10-2024,181,232,33,37,7,14
16-10-2024,185,362,34,37,11,22
17-10-2024,239,366,26,38,9,3
18-10-2024,237,304,29,41,9,19
19-10-2024,182,311,38,39,6,10
20-10-2024,242,238,41,37,4,9
21-10-2024,241,274,39,42,5,13
22-10-2024,253,302,32,39,4,6
23-10-2024,306,171,40,34,5,11
24-10-2024,215,209,25,35,5,10
25-10-2024,212,269,8,45,8,14
26-10-2024,256,287,6,42,5,10
27-10-2024,281,247,24,43,4,13
28-10-2024,227,242,18,44,4,13
29-10-2024,207,353,21,44,7,9
30-10-2024,265,304,42,33,15,9
31-10-2024,281,315,58,29,17,9
01-11-2024,350,318,63,40,16,13
02-11-2024,318,351,60,49,11,14
03-11-2024,318,455,49,45,8,17
04-11-2024,340,375,84,39,8,6
05-11-2024,286,376,58,20,7,15
06-11-2024,298,459,62,18,8,13
07-11-2024,362,357,47,15,4,20
08-11-2024,316,306,66,14,4,18
09-11-2024,280,271,65,13,5,22
10-11-2024,271,399,64,15,7,29
11-11-2024,318,294,31,12,5,22
12-11-2024,285,507,12,10,4,30
13-11-2024,483,463, ,10,2,31
14-11-2024,434, , , , , 
16-11-2024,394,532,15,12,4,45
17-11-2024,485,703,14,10,3,50
18-11-2024,615,372,14,13,7,24
19-11-2024,370,434,20,29,8,23
20-11-2024,373,387,37,58,8,26
21-11-2024,323,471,51,53,9,24
22-11-2024,403,499,56,60,9,22
23-11-2024,368,252,33,47,9,26
24-11-2024,248,334,42,36,7,20
25-11-2024,345,191,47,32,10,14
26-11-2024,244,211,14,38,7,14
27-11-2024,287,278,65,35,8,17
28-11-2024,303,308,57,51,10,21
29-11-2024,252,286,45,43,9,38
30-11-2024,278,168,46,34,7,17
01-12-2024,214,168,40,37,9,18
02-12-2024,211,170,39,34,10,17
03-12-2024,213,114,39,25,6,7
04-12-2024,148,122,43,28,7,9
05-12-2024,160,142,36,30,8,11
06-12-2024,167,233,50,35,9,22
07-12-2024,210,302,41,36,9,22
08-12-2024,274,122,41,31,6,8
09-12-2024,179,132,29,39,5,9
10-12-2024,172,120,52,32,6,5
11-12-2024,174,148,34,51,7,18
12-12-2024,187,149,44,36,4,15
13-12-2024,189,140,41,38,7,18
14-12-2024,182,220,65,52,9,25
15-12-2024,242,374,94,54,6,33
16-12-2024,370,516,48,73,6,45
17-12-2024,402,486,35,61,5,38
18-12-2024,452,561,25,62,6,45
19-12-2024,507,404,36,55,4,31
20-12-2024,387,317,25,50,4,29
21-12-2024,318,542,29,64,7,47
22-12-2024,443,377,42,53,4,32
23-12-2024,398,305,28,60,6,49
24-12-2024,300,199,30,42,5,26
25-12-2024,273,272,35,44,5,28
26-12-2024,295,237,21,41,3,22
27-12-2024,316,144,22,26,3,21
28-12-2024,233,101,36,17,3,10
29-12-2024,177, , , , , 
08-07-2024,76, , , , , 
10-07-2024,152,97,2,11, ,3
11-07-2024,149,83,2,8, ,4
12-07-2024,96,89,6,11, ,4
13-07-2024,135,85,1,15, ,2
14-07-2024,145,95, ,13,1,7
15-07-2024,139,93,1,9, ,3
16-07-2024,150,58,1,5, ,2
17-07-2024,74,103,1,16, ,6
18-07-2024,147,109,3,12,1,3
19-07-2024,165,104,3,9,1,3
20-07-2024,156,86,1,8, ,3
21-07-2024,142,66, ,8, ,5
22-07-2024,124,84,1,11,1,4
23-07-2024,149,70,1,10,1,4
24-07-2024,135,111,1,12,1,3
25-07-2024,149,96,2,9, ,5
26-07-2024,123,116,2,14, ,11
27-07-2024,118,95, ,10, ,3
28-07-2024,120,103,2,9, ,5
29-07-2024,109,91,5,9, ,4
30-07-2024,112, , , , , 
02-08-2024,129,89,6,8, ,6
03-08-2024,91,76,5,8, ,6
04-08-2024,75,83,6,7, ,7
05-08-2024,83,78,8,7, ,6
06-08-2024,66,58,9,5, ,10
07-08-2024,75,80,5,4, ,17
08-08-2024,97,64,7,9,1,9
09-08-2024,88,78,7,8, ,5
10-08-2024,138,61,4,8, ,4
11-08-2024,120,88,4,8, ,7
12-08-2024,110,87,4,9, ,10
13-08-2024,114,99,4,9, ,8
14-08-2024,143,70,4,7, ,5
15-08-2024,108,84,4,6, ,8
16-08-2024,99,83,4,9, ,7
17-08-2024,106,86,4,7, ,6
18-08-2024,117,97,9,8, ,4
19-08-2024,124,116,4,10, ,9
20-08-2024,120,87,6,8, ,6
21-08-2024,104,83,6,7, ,6
22-08-2024,104,66,5,8, ,9
23-08-2024,95,96,5,8, ,7
24-08-2024,138,82,6,7, ,7
25-08-2024,104,67,7,5, ,5
26-08-2024,95,89,8,15,2,6
27-08-2024,82,68,10,19,2,7
28-08-2024,88,72,12,19,2,10
29-08-2024,98,110,44,28,4,8
30-08-2024,139,86,10,19,3,6
31-08-2024,130,74,12,15,2,6
01-09-2024,122,100,27,18,2,8
02-09-2024,122,97,25,16,1,6
03-09-2024,125,60,9,18,1,8
04-09-2024,87,92,26,23,1,8
05-09-2024,132,101,14,21,2,6
06-09-2024,119,81,17,19,2,9
07-09-2024,109,86,2,19,1,8
08-09-2024,149,98,5,18,1,8
09-09-2024,152,94,11,22,1,8
10-09-2024,132,88,2,19,1,10
11-09-2024,105,37,2,11,1,9
12-09-2024,61,38,2,17,1,12
13-09-2024,68,78,1,19,1,11
14-09-2024,102,142,3,21, ,11
15-09-2024,129,155,23,19, ,10
16-09-2024,135,179,24,19,1,10
17-09-2024,154,85,20,16,1,10
18-09-2024,109,103,19,13,2,13
19-09-2024,110, , , , , 
21-09-2024,163,130,22,20,1,9
22-09-2024,164,128,16,18,1,9
23-09-2024,165,148,20,20,1,10
24-09-2024,182,185,16,25,2,8
25-09-2024,181,89,25,14,1,13
26-09-2024,99,96,19,12,1,9
27-09-2024,66,79,37,13,1,10
28-09-2024,69,80,38,14,1,11
29-09-2024,85,121,27,19,1,8
30-09-2024,159,125,32,18, ,11
01-04-2024,93,113,15,16,5,5
02-04-2024,126,135,24,19,5,5
03-04-2024,152,124,18,21,4,6
04-04-2024,129,136,13,20,5,4
05-04-2024,139,133,16,18,6,5
06-04-2024,149,141,17,20,7,11
07-04-2024,159,156,17,23,8,12
08-04-2024,160,146,27,21,6,13
09-04-2024,161,153,32,22,4,14
10-04-2024,171,193,22,20,5,17
11-04-2024,169,193,27,18,9,14
12-04-2024,184,146,18,6,1,7
13-04-2024,144,121,6,9,1,8
14-04-2024,151,223,15,10,2,17
15-04-2024,193,257,9,9,2,16
16-04-2024,185,98,15,8,1,8
17-04-2024,98,123,13,9,1,13
18-04-2024,125,162,11,8,2,15
19-04-2024,143,156,12,7,1,10
20-04-2024,138,108,15,8,1,10
21-04-2024,135,112,17,8,1,11
22-04-2024,113,179,25,9,2,13
23-04-2024,157,123,25,9,2,15
24-04-2024,141,161,22,10,2,17
25-04-2024,152,150,31,10,2,12
26-04-2024,147,143,18,7,1,9
27-04-2024,143,114,23,10,1,7
28-04-2024,132,176,25,10,2,10
29-04-2024,158,131,22,8,2,8
30-04-2024,138,161,24,7,2,6
01-05-2024,135, , , , , 
04-05-2024,188,295,32,13,5,24
05-05-2024,256,202,31,11,3,16
06-05-2024,193,275,30,13,4,19
07-05-2024,246,162,11,8,1,13
08-05-2024,163,139,21,7,1,11
09-05-2024,148,135,27,7,2,12
10-05-2024,162,211,33,7,2,12
11-05-2024,138,124,36,9,3,14
12-05-2024,168,181,34,10,4,18
13-05-2024,174,191,32,11,5,18
14-05-2024,210,222,38,12,6,22
15-05-2024,221,187,36,11,4,21
16-05-2024,183,170,32,11,3,20
17-05-2024,166,189,28,10,4,19
18-05-2024,184,165,29,9,5,15
19-05-2024,172,172,22,9,4,16
20-05-2024,156,185,31,9,4,17
21-05-2024,167,138,23,7,2,16
22-05-2024,159,112,12,6,1,16
23-05-2024,141,105,16,6,1,17
24-05-2024,137,127,18,7,2,17
25-05-2024,150,128,18,9,4,19
26-05-2024,142,167, ,10,3,23
27-05-2024,169,202, ,12,5,27
28-05-2024,180,200,9,9,2,19
29-05-2024,149,137,9,8,2,18
30-05-2024,132,145,9,8,2,21
31-05-2024,135,221,5,9,2,22
01-06-2024,145,105,9,7,2,21
02-06-2024,127,121,8,7,2,23
03-06-2024,130,165,9,8,2,17
04-06-2024,156,156,5,7,2,16
05-06-2024,149,87,10,6,1,17
06-06-2024,114,158,7,6,2,15
07-06-2024,130,150,8,6,3,16
08-06-2024,128,103,10,7,3,17
09-06-2024,116,107,14,8,3,15
10-06-2024,112,136,18,9,7,5
11-06-2024,147,139,20,10,4,12
12-06-2024,133,120,17,8,3,6
13-06-2024,117,173,8,5,2,5
14-06-2024,115,124,7,6,2,5
15-06-2024,116,121,5,8,1,11
16-06-2024,108,127,12,11,3,6
17-06-2024,128,210,6,13,2,5
18-06-2024,150,211,11,12,2,5
19-06-2024,149,108,14,7,2,6
20-06-2024,118,121,5,11,2,6
21-06-2024,153,140,5,14,2,5
22-06-2024,184,104,3,9,2,4
23-06-2024,155, , , , , 
01-01-2024,247,216,5,28,5,10
02-01-2024,257,216,1,30,6,16
03-01-2024,277,309,1,20,6,9
04-01-2024,319,219,1,20,3,8
05-01-2024,251,225,4,23,3,8
06-01-2024,254,230,8,25,3,9
07-01-2024,269,360,4,26,5,9
08-01-2024,326,171,4,21,2,6
09-01-2024,209,205,4,19,2,9
10-01-2024,227,270,7,22,3,9
11-01-2024,274,221,7,22,3,10
12-01-2024,259,484,7,30,4,12
13-01-2024,426,410,8,27,6,12
14-01-2024,395,245,7,24,6,9
15-01-2024,277,347,7,26,3,8
16-01-2024,350,278,10,23,3,6
17-01-2024,298,297,7,24,4,10
18-01-2024,296,275,3,22,3,9
19-01-2024,300,261,11,22,3,9
20-01-2024,272,228,4,20,3,6
21-01-2024,265,320,11,20,4,8
22-01-2024,301,343,9,21,4,6
23-01-2024,341,322,6,19,5,6
24-01-2024,328,256,5,19,4,6
25-01-2024,270,357,15,22,5,18
26-01-2024,360,282,10,21,6,8
27-01-2024,258,480,5,27,7,7
28-01-2024,386,402,8,25,7,5
29-01-2024,338,280,2,18,4,8
30-01-2024,291,257, ,19,6,8
31-01-2024,326,127,2,13,4,8
01-02-2024,169,133,3,12,4,6
02-02-2024,196,224,4,17,7,13
03-02-2024,198,189,2,15,5,6
04-02-2024,223,121,3,10,2,6
05-02-2024,177,143,12,13,6,6
06-02-2024,161,146,6,15,2,5
07-02-2024,163,121,15,19,1,5
08-02-2024,160,258,9,59,4,25
09-02-2024,175,352,20,72,4,10
10-02-2024,284,231,10,75,4,9
11-02-2024,254,223,16,71,4,7
12-02-2024,238,385,14,67,5,12
13-02-2024,316,248,19,47,4,7
14-02-2024,263,222,20,27,4,9
15-02-2024,218,210,17,23,5,13
16-02-2024,203,235,16,29,5,17
17-02-2024,211,255,10,29,4,19
18-02-2024,188,227,17,23,3,10
19-02-2024,179,172,11,18,3,11
20-02-2024,200,174,11,13,3,11
21-02-2024,187,125,13,16,4,10
22-02-2024,142,118,15,16,4,10
23-02-2024,138,148,18,18,4,11
24-02-2024,159,126,18,17,4,9
25-02-2024,155,142,16,18,4,12
26-02-2024,161,133,13,14,4,10
27-02-2024,149,111,14,12,4,10
28-02-2024,145,119,10,14,4,12
29-02-2024,150,183,22,19,4,8
01-03-2024,181,87,6,8,1,9
02-03-2024,102,125,10,9,2,10
03-03-2024,125,104,10,11,3,10
04-03-2024,124,109,10,12,2,10
05-03-2024,136,101,11,12,3,10
06-03-2024,148,148,11,15,3,11
07-03-2024,165,115,10,14,3,10
08-03-2024,145,106,11,13,3,10
09-03-2024,134,128,13,15,4,11
10-03-2024,164,137,15,14,4,11
11-03-2024,167,131,11,14,4,9
12-03-2024,161,130,8,13,5,12
13-03-2024,157,170,7,11,6,7
14-03-2024,162,100,6,12,4,5
15-03-2024,120,128,11,14,9,5
16-03-2024,168,129,10,13,10,6
17-03-2024,171,142,9,16,9,6
18-03-2024,175,196,9,22,11,7
19-03-2024,199,168,9,31,5,7
20-03-2024,181,151,8,26,3,6
21-03-2024,166,142,11,25,2,8
22-03-2024,164,228,3,33,3,7
23-03-2024,206, , , , , 
27-03-2024,106,119,21,12,4,6
28-03-2024,152,151,22,13,5,5
29-03-2024,171,153,10,14,3,8
30-03-2024,155,179,9,14,3,4
31-03-2024,157,105,12,11,4,5
01-10-2023,155,113,19,16, ,5
02-10-2023,145,148,19,24, ,4
03-10-2023,153,147,15,21, ,6
04-10-2023,154,165,24,28, ,7
05-10-2023,169,201,22,28, ,7
06-10-2023,176,211,8,37,1,5
07-10-2023,175,183,6,50,1,11
08-10-2023,161,153,6,49,1,8
09-10-2023,156,158,9,70, ,4
10-10-2023,158,142,13,49,2,6
11-10-2023,160,198,18,64,1,10
12-10-2023,229,282,21,74, ,9
13-10-2023,244,266,13,28, ,12
14-10-2023,177,216,10,11,3,8
15-10-2023,187,155,12,9,3,5
16-10-2023,150,86,7,8,5,9
17-10-2023,113,105,10,8,6,4
18-10-2023,138,100,17,9,6,7
19-10-2023,140,143,19,11,6,7
20-10-2023,189,225,23,13,8,6
21-10-2023,245,266,16,13,7,10
22-10-2023,262,226,14,10,7,10
23-10-2023,260,153,18,14,7,11
24-10-2023,176,170,18,13,7,9
25-10-2023,202,168,22,13,7,8
26-10-2023,186,221,28,15,9,13
27-10-2023,211,382,26,16,9,19
28-10-2023,266,390,24,18,9,22
29-10-2023,286,387,26,18,9,12
30-10-2023,306,398,15,29,8,14
31-10-2023,309,339,28,37,11,19
01-11-2023,285,506,16,36,14,23
02-11-2023,405,543,12,40,8,33
03-11-2023,410,553,14,38,6,34
04-11-2023,432,569,13,38,5,37
05-11-2023,470,492,25,41,7,42
06-11-2023,394,488,23,79,5,35
07-11-2023,367,417,16,61,10,35
08-11-2023,333,573,12,24,7,40
09-11-2023,448,211,4,14,4,16
10-11-2023,235,125,9,13,5,9
11-11-2023,189,137,15,5,6,8
12-11-2023,217,329,18,5,7,16
13-11-2023,362,286,16,7,5,23
14-11-2023,290,326,17,6,7,18
15-11-2023,357,472,22,8,7,24
16-11-2023,423,354,17,7,3,33
17-11-2023,335,291,22,7,4,20
18-11-2023,270,250,23,7,6,27
19-11-2023,266,299,22,7,3,31
20-11-2023,305,290,13,6,6,10
21-11-2023,330,266,20,6,7,17
22-11-2023,321,403,22,9,6,27
23-11-2023,364,576,21,10,5,26
24-11-2023,456,515,18,8,5,16
25-11-2023,428,547,23,10,6,19
26-11-2023,434,419,11,7,5,19
27-11-2023,359,146,6,5,2,11
28-11-2023,227,239,13,5,2,12
29-11-2023,287,405,18,6,2,12
30-11-2023,380,223,11,11,2,12
01-12-2023,289,184,9,36,3,14
02-12-2023,229,217,11,38,2,12
03-12-2023,239,220,11,41,3,12
04-12-2023,241,181,9,37,2,11
05-12-2023,206,196,21,40,2,12
06-12-2023,215,297,1,43,2,15
07-12-2023,262,253,2,43,2,19
08-12-2023,250,236, ,43,2,22
09-12-2023,247,199, ,42,3,18
10-12-2023,223,270, ,44,4,25
11-12-2023,243,456, ,50,3,23
12-12-2023,361,425,5,44,2,24
13-12-2023,345,282,12,41,5,20
14-12-2023,244,370,17,74,10,28
15-12-2023,261,495,17,98,13,36
16-12-2023,323,328,25,95,7,31
17-12-2023,291,203,15,80,4,22
18-12-2023,230,190,17,70,5,25
19-12-2023,203,217,6,76,7,26
20-12-2023,224,349,10,80,6,27
21-12-2023,312,497,10,85,5,36
22-12-2023,411,558,16,86,6,30
23-12-2023,450,398,15,81,7,27
24-12-2023,384,321,17,75,4,19
25-12-2023,322,322,18,73,3,17
26-12-2023,326,367, ,56,2,16
27-12-2023,379,216,1,26,2,12
28-12-2023,277,442,10,41,3,11
29-12-2023,402,295,8,36,2,9
30-12-2023,337,291,4,35,3,9
31-12-2023,304,207,4,27,4,8
01-07-2023,89,76,6, ,1,13
02-07-2023,104,125,8,1,2,13
03-07-2023,139,153,6,1,1,12
04-07-2023,141,76,8, ,1,12
05-07-2023,112,104,10, ,1,11
06-07-2023,104,127,17, ,1,12
07-07-2023,119,51,16, ,1,12
08-07-2023,116,34,5, ,1,10
09-07-2023,93,37,7, ,1,11
10-07-2023,90,63,6, ,1,11
11-07-2023,101,63,26, ,1,10
12-07-2023,113,78,12, ,1,11
13-07-2023,119, , , , , 
21-07-2023,133,77,9,5,1,12
22-07-2023,111,70,12,6,1,12
23-07-2023,114,90,34,6,1,13
24-07-2023,184,593,6,6,1,15
25-07-2023,164,81,11,6,1,13
26-07-2023,83,170,14,9,1,14
27-07-2023,135,83,16,6,1,12
28-07-2023,126,56,5,5,1,14
29-07-2023,73,76,5,5,1,13
30-07-2023,84,96,6,5,1,13
31-07-2023,135,93,5,4,1,12
01-08-2023,103,87,5,4,1,10
02-08-2023,96,95,5,4,1,14
03-08-2023,143,71,10,5,1,13
04-08-2023,139,87,7,11,2,13
05-08-2023,109,88,5,3,1,9
06-08-2023,101,95,5,6,2,10
07-08-2023,97,115,5,4,2,12
08-08-2023,146,136,6,6,1,12
09-08-2023,128,177,3,1,1,14
10-08-2023,124,125,2,1,1,13
11-08-2023,120,137,3, ,1,10
12-08-2023,119,125,2,1,1,10
13-08-2023,121,208,2,1,1,12
14-08-2023,130,91, , ,1,14
15-08-2023,136,107,2,2,1,11
16-08-2023,138,118,2,1,1,12
17-08-2023,119,137,2,1,1,12
18-08-2023,130,138,3,1,1,15
19-08-2023,150,143,6,1,1,14
20-08-2023,133,95,4,1,1, 
21-08-2023,138,102,2,1, , 
22-08-2023,140,70,2,1,1,17
23-08-2023,115,114,3,2,1,13
24-08-2023,107,119,2,2,1,14
25-08-2023,116,139,2,2,2,6
26-08-2023,138,156,3,3,1,13
27-08-2023,152,134,3,2,1,10
28-08-2023,136,120,4,2,1,11
29-08-2023,127,111,6,2,1,11
30-08-2023,137,111,6,1,1,12
31-08-2023,138,109,4,2,1,12
01-09-2023,125,109,5,2,2,11
02-09-2023,125,116,6,2,1,11
03-09-2023,118,103,6,2,2,12
04-09-2023,120,93,8,2,2,13
05-09-2023,119,97,8,3,2,12
06-09-2023,117,93,13,3,2,12
07-09-2023,115,89,8,2,2,9
08-09-2023,117,44,4,1,1,12
09-09-2023,48,34,4, ,1,12
10-09-2023,157,78,5,4,1,12
11-09-2023,113,124,4,8,1,4
12-09-2023,128,125,5,8,1,7
13-09-2023,155,130,5,11,1,5
14-09-2023,160,94,4,12,1,6
15-09-2023,116,92,4,13,1,6
16-09-2023,111,113,4,8,2,4
17-09-2023,116,110,5,8,2,4
18-09-2023,82,102,5,10,1,4
19-09-2023,93,96,5,15,1,2
20-09-2023,114,102,5,16,1,15
21-09-2023,117,101,5,13,1,2
22-09-2023,145,113,5,14,1,6
23-09-2023,144,133,6,21,1,8
24-09-2023,160,111,10,16,2,3
25-09-2023,159,128,5,16,2,2
26-09-2023,162,118,5,13,1,2
27-09-2023,138,119,7,15, ,2
28-09-2023,149,127,12,17, ,2
29-09-2023,156,137,13,18, ,3
30-09-2023,154,133,14,15,1,5
01-04-2023,141,139,12,21,2,10
02-04-2023,158,163,12,17,3,10
03-04-2023,160,114,13,15,2,6
04-04-2023,113,144,13,19,3,7
05-04-2023,130,161,14,19,2,5
06-04-2023,108,126,16,20,4,4
07-04-2023,118,144,21,23,4,8
08-04-2023,141,330,23,25,5,11
09-04-2023,200,285,23,28,6,11
10-04-2023,176,346,19,30,13,11
11-04-2023,243,173,16,23,5,4
12-04-2023,155,196,17,24,6,12
13-04-2023,171,245,20,27,7,13
14-04-2023,193,294,26,31,7,17
15-04-2023,201,216,21,31,5,14
16-04-2023,162,234,22,26,5,14
17-04-2023,155,204,13,21,5,19
18-04-2023,161,236,20,12,3,6
19-04-2023,139,104,12,11,3,11
20-04-2023,113,119,14,12,2,8
21-04-2023,121,107,22,12,2,7
22-04-2023,114,99,14,11,2,7
23-04-2023,86,135,20,16,4,10
24-04-2023,148,115,24,14,3,11
25-04-2023,136,168,31,21,3,16
26-04-2023,169,180,27,14,2,11
27-04-2023,142,155,29,20,3,7
28-04-2023,159,166,20,14,3,7
29-04-2023,162,89,20,11,2,4
30-04-2023,136,58,6,8,2,10
01-05-2023,129,74,7,8,1,13
02-05-2023,127,75,11,9,1,3
03-05-2023,138,88,30,12,1,7
04-05-2023,165,146,23,18,2,18
05-05-2023,181,169,13,18,3,16
06-05-2023,196,148,27,15,3,14
07-05-2023,163,111,16,14,2,15
08-05-2023,136,170,29,17,3,17
09-05-2023,191,137,35,18,4,15
10-05-2023,167,258,37,24,5,20
11-05-2023,243,219,36,25,3,18
12-05-2023,175,214,39,26,4,20
13-05-2023,182,213,35,19,3,18
14-05-2023,181,133,29,13,3,14
15-05-2023,111,496,20,11,2,12
16-05-2023,188,280,22,16,4,13
17-05-2023,180,96,24,10,2,12
18-05-2023,110,112,29,13,3,13
19-05-2023,145,143,30,17,3,17
20-05-2023,148,226,36,21,3,18
21-05-2023,165,180,20,13,3,3
22-05-2023,145,241,18,11,4,6
23-05-2023,130,125,8,7,2,8
24-05-2023,89,95,19,8,2,6
25-05-2023,74,53,16,12,2,11
26-05-2023,94,83,12,10,1,7
27-05-2023,86,126,8,12,2,9
28-05-2023,157,121,6,9,2,9
29-05-2023,110,78,20,8,2,9
30-05-2023,126,65,6,7,1,9
31-05-2023,115,94,5,13,1,7
01-06-2023,143,85,27,11,2,9
02-06-2023,108,97,26,15,2,11
03-06-2023,126,135,22,14,3,10
04-06-2023,177,116,24,14,2,12
05-06-2023,148,198,35,12,2,8
06-06-2023,134,568,8,23,3,14
07-06-2023,213,122,29,18,3,9
08-06-2023,134,130,8,13,3,10
09-06-2023,122,128,9,12,3,11
10-06-2023,113,108,8,10,2,11
11-06-2023,104,129,5,10,2,11
12-06-2023,127,176,5,9,2,10
13-06-2023,135,164,7,7,2,10
14-06-2023,119,111,5,9,2,11
15-06-2023,107,104,4,9,3,11
16-06-2023,117,94,6,7,3,10
17-06-2023,128,70,2,5,2,11
18-06-2023,100,55,7,5,1,12
19-06-2023,83,76,8,6,1,11
20-06-2023,122,81,6,6,2,12
21-06-2023,123,79,6,7,2,13
22-06-2023,122,95,9,6,1,10
23-06-2023,138,117,8,8,1,10
24-06-2023,164,39,9,5,1,12
25-06-2023,95,89,26,7,1,17
26-06-2023,184,126,6, ,1,12
27-06-2023,111,165,11,1,1,13
28-06-2023,128,117,6, ,1,12
29-06-2023,116,91,17,1,1,11
30-06-2023,76,107,23, ,1,12
02-01-2023,323,279,10,12,4,11
03-01-2023,328,181,10,10,1,11
04-01-2023,249,216,7,12,3,13
05-01-2023,261,371,9,15,2,14
06-01-2023,341,311,8,14,8,12
07-01-2023,286,280,8,16,2,17
08-01-2023,312,427,6,17,2,23
09-01-2023,417,261,5,13,1,13
10-01-2023,291,289,13,14,1,14
11-01-2023,277,262,11,13,2,15
12-01-2023,297,291,9,13,2,15
13-01-2023,316,162,8,9,1,7
14-01-2023,225,125,14,12,1,6
15-01-2023,163,167,15,17,2,9
16-01-2023,201,194,12,17,2,10
17-01-2023,217,309,26,19,2,6
18-01-2023,280,308,26,24,4,4
19-01-2023,285,137,18,12,2,3
20-01-2023,171,268,19,19,2,8
21-01-2023,283,319,20,20,1,6
22-01-2023,342,253,20,17,2,8
23-01-2023,247,150,10,12,1,2
24-01-2023,187,128,6,13,1,5
25-01-2023,187,131,8,9,1,4
26-01-2023,213,125,6,13,1,4
27-01-2023,174,159, ,17,2,6
28-01-2023,193,228, ,18,2,7
29-01-2023,287,118, ,13,1,4
30-01-2023,183,115, ,8,1,11
31-01-2023,183,107,7,9,1,4
01-02-2023,170,129,18,12,1,4
02-02-2023,171,163,2,16,2,10
03-02-2023,185,223,3,19,4,13
04-02-2023,212,176,15,15,2,9
05-02-2023,192,309,15,20,3,23
06-02-2023,264,208,9,15,2,16
07-02-2023,212,122,13,15,2,16
08-02-2023,167,170,19,20,2,9
09-02-2023,178,161,15,16,2,8
10-02-2023,178,212,9,17,2,8
11-02-2023,230,117,17,10,2,3
12-02-2023,134,132,20,9,2,3
13-02-2023,122,113,26,14,3,7
14-02-2023,138,135,27,14,3,7
15-02-2023,169,245,23,21,3,17
16-02-2023,241,375,25,23,3,17
17-02-2023,342,355,32,20,3,15
18-02-2023,312,300, ,23,2,12
19-02-2023,295,284,15,18,2,16
20-02-2023,233,193,29,16,2,4
21-02-2023,204,201,23,14,2,10
22-02-2023,227,139,21,13,1,6
23-02-2023,158,143,28,16,2,7
24-02-2023,161,205,29,19,3,10
25-02-2023,196,218,27,19,2,6
26-02-2023,213,205,26,17,3,9
27-02-2023,188,174,26,15,2,7
28-02-2023,169,187,21,13,2,9
01-03-2023,153,186,22,15,2,6
02-03-2023,175,130,17,11,2,2
03-03-2023,138,128,11,13,3,7
04-03-2023,140,103,22,10,2,4
05-03-2023,138,113,26,12,2,7
06-03-2023,147,157,24,17,5,6
07-03-2023,204,136,36,9,3,12
08-03-2023,195,92,31,9,2,5
09-03-2023,137,162,28,13,3,7
10-03-2023,187,155,34,15,3,7
11-03-2023,182,192,30,15,3,10
12-03-2023,182,202,28,16,2,8
13-03-2023,183,172,26,14,3,6
14-03-2023,191,174,30,17,3,9
15-03-2023,175,230,32,16,4,4
16-03-2023,218,166,31,14,3,8
17-03-2023,176,99,21,9,2,8
18-03-2023,162,125,31,16,3,8
19-03-2023,173,141,7,10,2,6
20-03-2023,171,63,18,8,1,2
22-03-2023,140,136,14,18,3,11
23-03-2023,167,142,10,21,3,18
24-03-2023,188,91,12,15,2,9
25-03-2023,112,134,12,15,2,6
26-03-2023,144,106,13,14,2,3
27-03-2023,135,137,15,20,3,4
28-03-2023,150,142,27,22,3,7
29-03-2023,179,117,24,17,3,7
30-03-2023,147,63,12,16,1,5
31-03-2023,98,94,14,19,1,7
01-10-2022,169,122,6,9,2, 
02-10-2022,150,107,8,7,2,10
03-10-2022,118,136,8,12,2,37
04-10-2022,153,145,9,10,2,10
05-10-2022,177,73,5,3,2,6
06-10-2022,65,52,3,3,2,10
07-10-2022,63,36,18,4,2,13
08-10-2022,68,17,3,3,1,18
09-10-2022,41,42,5,4,1, 
10-10-2022,64,93,12,10,1, 
11-10-2022,118,118,8,9,2, 
12-10-2022,156,122,9,11,1, 
13-10-2022,145,133,18,13,1, 
14-10-2022,160,152,21,15,1, 
15-10-2022,170,174,28,16,2,1
16-10-2022,185,214,27,18,2, 
17-10-2022,187,261,22,20,3, 
18-10-2022,187,315,3,19,3,1
19-10-2022,213,267,24,22,2,20
20-10-2022,183,248,21,22,2,14
21-10-2022,206,227,18,18,2,10
22-10-2022,211,194,30,19,2,6
23-10-2022,203,183,26,14,3,7
24-10-2022,216,243,23,14,4,8
25-10-2022,241,207,27,16,2,13
26-10-2022,219,327,19,18,3,25
27-10-2022,301,376,24,22,3,14
28-10-2022,325,420,19,18,3,22
29-10-2022,348,372,16,19,3,24
30-10-2022,313,472,19,22,3,32
31-10-2022,374,485,27,25,3,24
01-11-2022,380,354,14,20,2,18
02-11-2022,320,548,19,21,2,31
03-11-2022,506,496,20,26,3,31
04-11-2022,432,236,16,14,1,23
05-11-2022,283,196,23,13,2,26
06-11-2022,245,236,16,17,2,24
07-11-2022,293,246,11,12,1,19
08-11-2022,339,144,23,16,2,28
09-11-2022,189,189,15,18,2,20
10-11-2022,238,226,13,14,2,22
11-11-2022,294,192,15,16,2,23
12-11-2022,259,169,20,17,3,26
13-11-2022,232,174,21,18,2,22
14-11-2022,219,126,17,18,2,25
15-11-2022,172,141,8,16,2,22
16-11-2022,203,150,14,15,2,23
17-11-2022,212,177,17,16,2,23
18-11-2022,241,182,19,22,3,28
19-11-2022,186,200,16,21,2,24
20-11-2022,243,154,16,17,2,25
21-11-2022,206,152,15,16,2,24
22-11-2022,182,149,16,17,3,22
23-11-2022,176,170,17,18,2,28
24-11-2022,186,266,17,25,3,27
25-11-2022,244,216,18,23,3,25
26-11-2022,238,204,18,23,2,29
27-11-2022,244,298,18,25,3,35
28-11-2022,289,397,16,27,3,41
29-11-2022,337,351,12,25,2,34
30-11-2022,307,330,12,25,2,31
01-12-2022,309,322,13,27,2,32
02-12-2022,290,340,12,29,2,37
03-12-2022,331,403,10,25,2,18
04-12-2022,358,225,8,21,2,26
05-12-2022,242,202,9,18,1,23
06-12-2022,241,147,8,14,1,24
07-12-2022,196,178,8,18,2,28
08-12-2022,201,245,9,21,2,30
09-12-2022,229,339,6,22,2,30
10-12-2022,293,170,4,16,1,19
11-12-2022,201,129,5,16,1,23
12-12-2022,164,117,6,14,1,21
13-12-2022,146,129,7,15,1,22
14-12-2022,163,133,9,17,1,22
15-12-2022,170,160,11,19,2,27
16-12-2022,188,225,7,19,2,24
17-12-2022,235,331,7,20,2,31
18-12-2022,317,364,9,21,1,28
19-12-2022,351,227,7,18,1,26
20-12-2022,268,226,4,14,1,25
21-12-2022,215,257,4,14,1,25
22-12-2022,340,243,9,15,1,26
23-12-2022,279,186,8,15,1,23
24-12-2022,243,192,8,12,1,24
25-12-2022,254,227,4,13,1,26
26-12-2022,278,239,11,14,2,23
27-12-2022,286,178,16,18,1,24
28-12-2022,238,381,18,28,3,38
29-12-2022,316,379,15,20,2,30
30-12-2022,360,207,10,12,1,8
31-12-2022,256,186,18,14,2,16
01-01-2023,230,231,11,11,1,13
01-07-2022,134,95,3,7,2,6
02-07-2022,119,73,5,7,2,8
03-07-2022,109,106,20,10,2,7
04-07-2022,162,112,8,9,1,7
05-07-2022,162,107,11,5,2,6
06-07-2022,149,120,3,5,2,7
07-07-2022,111,119,3,5,2,4
08-07-2022,118, , , , , 
10-07-2022,97,83,5,8,2,11
11-07-2022,134,84,3,7,1,6
12-07-2022,111,101,3,5,1,7
13-07-2022,114,114,3,5,2,8
14-07-2022,88,101,3,4,2,12
15-07-2022,85,71,4,5,2,9
16-07-2022,88, ,4,3,1,8
17-07-2022,95,100,3,6,1,10
18-07-2022,122,125,6,12,2,12
19-07-2022,144,73,1,8,2,30
20-07-2022,119,84,11,10,1,41
21-07-2022,135,95,11,10,2,39
22-07-2022,159,79,5,6,2,33
23-07-2022,123,66,2,5,2,42
24-07-2022,105,67,3,4,2,32
25-07-2022,102,79,2,4,2,22
26-07-2022,106,62,3,4,2,24
27-07-2022,105,59,2,5,2,1
28-07-2022,91,55,2,4,2,43
29-07-2022,92,60,2,5,1,27
30-07-2022,100,56,2,4,1,17
31-07-2022,88,87,1,4,2,24
01-08-2022,108,76,2,5,2,40
02-08-2022,107,98,2,7,1,15
03-08-2022,145,89,5,6,1,3
04-08-2022,156,69,5,6,1,12
05-08-2022,141,94,9,6,1,9
06-08-2022,156,83,4,5,1,9
07-08-2022,146,93,8,5,2,8
08-08-2022,142,100,5,5,2,10
09-08-2022,165,83,4,3,2,9
10-08-2022,99,63,3,1,2,9
11-08-2022,61,72,6,2,2,9
12-08-2022,87,61,2, ,1,7
13-08-2022,94,59,1,2,2,9
14-08-2022,154,44,2, ,2,9
15-08-2022,61,61,2, ,1,8
16-08-2022,64,40,2, ,1,9
17-08-2022,44,79,2,1,2,9
18-08-2022,93,58,2, ,2,8
19-08-2022,65,71,2,1,2,9
20-08-2022,102,86,3,1,1,9
21-08-2022,134,89,2,3,1,8
22-08-2022,123,84,2,6,2, 
23-08-2022,101,66,2,5,2,8
24-08-2022,83,84,4,9,2,9
25-08-2022,111,80,2,7,2,8
26-08-2022,111,81,2,5,2,8
27-08-2022,95,98,2,6,2,8
28-08-2022,105,100,3,6,2,9
29-08-2022,113,121,5,12,2,9
30-08-2022,143,94,2,7,2,9
31-08-2022,132,89,3,7,2,9
01-09-2022,128,93,2,10,2,8
02-09-2022,123,86,2,5,2,9
03-09-2022,177,77,2,5,3,9
04-09-2022,85,76,2,6,2, 
05-09-2022,85,85,2,6,2, 
06-09-2022,95,84,3,7,2,3
07-09-2022,115,101,4,7,2,3
08-09-2022,144,97,3,6,2,3
09-09-2022,149,86,2,5,2,4
10-09-2022,142,75,6,5,2,1
11-09-2022,101,76,3,4,2,5
12-09-2022,83,73,4,6,2,4
13-09-2022,84,80,3,5,2,3
14-09-2022,76,15,2,4,1,1
15-09-2022,26,21,2,5,1,1
16-09-2022,46,87,3,7,2,1
17-09-2022,113,73,7,8,2,1
18-09-2022,125,108,4,10,1,2
19-09-2022,163,103,8,9,2,4
20-09-2022,136,79,5,9,1,1
21-09-2022,124,43,2,5,1,1
22-09-2022,80,27,6,5,1,6
23-09-2022,82,39,3,7,1,4
24-09-2022,100,51,3,7,1,5
25-09-2022,79,106,18,8,2,2
26-09-2022,137,98,3,7,1,2
27-09-2022,121,119,3,10,1, 
28-09-2022,145,112,5,10,1, 
29-09-2022,152,129,6,11,1, 
30-09-2022,170,135,5,11,1, 
01-04-2022,122,214,37,3,8,8
02-04-2022,187,199,33,2,5,4
03-04-2022,176,238,29,2,9,1
04-04-2022,208,194,28,2,9,11
05-04-2022,192,229,30,2,8,14
06-04-2022,199,265,31,2,11,14
07-04-2022,222,228,24,3,10,8
08-04-2022,209,255,35,2,9,6
09-04-2022,194,218, ,2,8,5
10-04-2022,199,236,28,3,11,7
11-04-2022,211,225,20,2,7,6
12-04-2022,191,241,21,3,6,6
13-04-2022,196,225,19, ,6,3
14-04-2022,167, , , , , 
16-04-2022,165,172,7,3,7,7
17-04-2022,202,186,30,3,6,7
18-04-2022,187,243,21,2,9,7
19-04-2022,250,145,19,8,6,7
20-04-2022,168,250,9,14,4,7
21-04-2022,180,125,34,17,3,7
22-04-2022,145,153,30,21,4,7
23-04-2022,195,154,34,15,4,5
24-04-2022,193,222,27,12,2,7
25-04-2022,156,123,30,19,4,8
26-04-2022,157,212,34,26,10,9
27-04-2022,259,226,32,27,7,8
28-04-2022,267,231,28,24,8, 
29-04-2022,272,186,28,20,7,9
30-04-2022,217,180,21,12,4,33
01-05-2022,175,143,24,10,3,42
02-05-2022,159,191,19,8,3,9
03-05-2022,170,112,14,9,2,8
04-05-2022,150,96,29,16,3,10
05-05-2022,149,162,27,19,3,7
06-05-2022,189,130,31,22,3,10
07-05-2022,167,122,31,13,3,4
08-05-2022,166,99,19,9,2,8
09-05-2022,155,103,13,9,2,4
10-05-2022,158,95,21,10,2,5
11-05-2022,151,105,15,11,2,10
12-05-2022,155,97,9,10,3,9
13-05-2022,161,157,3,22,4,8
14-05-2022,187,187,13,21,4,9
15-05-2022,182,209,5,13,2,9
16-05-2022,165,104,8,9,2,9
17-05-2022,140,116,21,12,1,9
18-05-2022,150,115,11,14,1,9
19-05-2022,162,146,3,14,1,9
20-05-2022,166,172,4,10,1,9
21-05-2022,159,103,7,11,1,9
22-05-2022,157,73,17,6,2,9
23-05-2022,98,87,7,9,2,11
24-05-2022,136,92,8,11,2,13
25-05-2022,169,110,21,10,2,16
26-05-2022,180,111,6,8,2,11
27-05-2022,166,185,6,8,2,10
28-05-2022,158,133,4,6,2,9
29-05-2022,153,112,11,9,2,10
30-05-2022,147,145,10,10,2,10
31-05-2022,164,135,7,10,3,15
01-06-2022,141,138,12,11,3,12
02-06-2022,151,159,24,16,4,12
03-06-2022,166,201,20,16,3,17
04-06-2022,129,166,15,12,4,5
05-06-2022,140,171,30,14,3,7
06-06-2022,148,277,17,12,4,3
07-06-2022,160,276,13,9,3,3
08-06-2022,156,235,12,11,3,6
09-06-2022,147,248,7,8,3,3
10-06-2022,155,237,9,8,3,2
11-06-2022,155,199, ,9,3, 
12-06-2022,159,163,6,6,3,5
13-06-2022,135,174,3,5,3,4
14-06-2022,132,102,3,4,2,3
15-06-2022,104,132,2,3,2,3
16-06-2022,86,68,2,4,2,3
17-06-2022,95,62,3,3,1,3
18-06-2022,103,85,2,3,2,4
19-06-2022,133,110,2,5,2,5
20-06-2022,151,98,16,8,2,4
21-06-2022,121,86,11,10,2,3
22-06-2022,125,113,5,11,2,3
23-06-2022,133,138,10,14,2,6
24-06-2022,145,181,21,17,4,5
25-06-2022,154,138,6,9,3,5
26-06-2022,171,102,3,6,3,4
27-06-2022,145,125,6,7,3,5
28-06-2022,157,127,6,5,2,7
29-06-2022,135,65,7,7,2,6
30-06-2022,117,78,5,7,1,6
03-01-2022,337,387,2,22,2,17
04-01-2022,332,304,5,16,1,14
05-01-2022,362,132,2,11,1,10
06-01-2022,204,96,2,9,1,8
07-01-2022,167,58,3,6,1,8
08-01-2022,149,55,2,5,1,7
09-01-2022,143,98,2,9,1,10
10-01-2022,179,106,2,12,1,8
11-01-2022,178,134,2,13,1,10
12-01-2022,197,193,2,15,1,12
13-01-2022,261,203,2,14,2,12
14-01-2022,265,112,2,9,1,7
15-01-2022,188,129,3,10,1,9
16-01-2022,208,237,4,16,1,12
17-01-2022,288,201,2,13,1,8
18-01-2022,270,206,2,13,1,12
19-01-2022,257,377,3,15,2,14
20-01-2022,375,279,5,15,1,8
21-01-2022,304,124, ,9,1,5
22-01-2022,211,120,2,6,1,14
23-01-2022,206,131,2,10,1,5
24-01-2022,199,161,2,9,2,11
25-01-2022,213,144,2,9,1,5
26-01-2022,207,151,6,11,1,7
27-01-2022,214,165,9,12,2,10
28-01-2022,205,148,11,14,2,9
29-01-2022,194,173,12,12,3,8
30-01-2022,226,295,8,15,2,19
31-01-2022,318,222,5,12,2,8
01-02-2022,285,187,16,10,2,10
02-02-2022,247,138,8,7,2,11
03-02-2022,226,77,6,6,2,9
04-02-2022,145,179,9,9,2,12
05-02-2022,220,374,12,14,2,25
06-02-2022,320,198,11,13,2,12
07-02-2022,220,269,12,14,2,12
08-02-2022,249,145,9,7,2,5
09-02-2022,186,126,6,8,2,6
10-02-2022,171,132,10,9,2,10
11-02-2022,163,136,10,9,2,11
12-02-2022,167,238,10,11,3,15
13-02-2022,223,250,11,10,3,16
14-02-2022,229,188,5,11,2,11
15-02-2022,183,289,2,10,2,15
16-02-2022,265,132,3,6,2,4
17-02-2022,168,161,1,3,1,5
18-02-2022,169,125,1,2,1,7
19-02-2022,168,124,1,2,1,8
20-02-2022,167,161,3,2,2,14
21-02-2022,164,236,15, ,3,9
22-02-2022,202,161,3,3,3,16
23-02-2022,187,246,16,4,3,11
24-02-2022,231,236,18,3,3,11
25-02-2022,217,85,10,1,2,7
26-02-2022,86,77,12,1,2,5
27-02-2022,114,91,13,3,3,7
28-02-2022,126,121,29,5,3,6
01-03-2022,170,159,14,14,4,10
02-03-2022,171,152,23,14,3,9
03-03-2022,169,118,15,10,3,9
04-03-2022,158,100,19,10,3,10
05-03-2022,147,135,27,15,5,10
06-03-2022,175,243,27,21,5, 
07-03-2022,214,226,16,17,5,4
08-03-2022,213,125,16,11,5,23
09-03-2022,133,112,19,10,3,16
10-03-2022,144,122,20,12,4,6
11-03-2022,140,127,25,10,5,6
12-03-2022,170,126,26,12,6,5
13-03-2022,162,224,30,16,6,6
14-03-2022,192,166,24,16,6,5
15-03-2022,195,147,20,10,5,5
16-03-2022,165,144,29,14,6,8
17-03-2022,191,128,24,9,3,6
18-03-2022,204,127,30,12,4,7
19-03-2022,181,120,28,14,4,5
20-03-2022,159,150,26,10,5,7
21-03-2022,186,128,21,10,4,6
22-03-2022,159,196,25,14,6,8
23-03-2022,190,242,17,16,6,8
24-03-2022,195,145,19,7,5,13
25-03-2022,170,162,22, ,8,7
26-03-2022,191,217,14,3,8,15
27-03-2022,174,242,26,2,7,8
28-03-2022,195,296,25,1,11,6
29-03-2022,233,297,33,2,11,4
30-03-2022,219,232,31,2,8,5
31-03-2022,208,142,23,2,4,7
01-10-2021,144,101,3,8,1,3
02-10-2021,144,99,3,7,1,3
03-10-2021,135,89,1,5,1, 
04-10-2021,85,107,2,9,1,3
05-10-2021,136,88,2,8,1,3
06-10-2021,141,109,8,11,1,4
07-10-2021,159,148,18,15,3,6
08-10-2021,156,164,19,14,2,5
09-10-2021,145,167,22,12,1,5
10-10-2021,142,147,16,10,1,5
11-10-2021,136,202,4,11,1,6
12-10-2021,141,150,23,12,1,4
13-10-2021,160,142,23,15,2,4
14-10-2021,157,145,34,15,2,6
15-10-2021,158,251,27,17,2,7
16-10-2021,172,163,4,8,1,5
17-10-2021,102,35,5,5,1,5
18-10-2021,55,98,14,9,1,5
19-10-2021,121,180,20,15,1,9
20-10-2021,161,227,16,15,1,5
21-10-2021,160,180,13,14,2,12
22-10-2021,126,151,19,13,2,8
23-10-2021,128,110,23,11,2,4
24-10-2021,152,88,16,12,2,8
25-10-2021,117,122,19,14,2,5
26-10-2021,148,169,25,17,4,6
27-10-2021,160,234,21,21,4,15
28-10-2021,158,273,23,23,5,8
29-10-2021,164,202,15,23,4,9
30-10-2021,132,275,20,21,5,15
31-10-2021,160,307,22,26,3,11
01-11-2021,208,274,22,24,2,11
02-11-2021,210,354,25,26,3,14
03-11-2021,255,451,20,22,4,13
04-11-2021,430,555,15,19,7,11
05-11-2021,524,374,15,22,4,4
06-11-2021,376,409,18,24,4,12
07-11-2021,363,414,18,27,5,13
08-11-2021,357,443,16,28,7,12
09-11-2021,368,401,24,28,5,15
10-11-2021,308,618,5,33,5,25
11-11-2021,436,712,12,31,4,23
12-11-2021,492,473,8,29,4,20
13-11-2021,358,389,18,29,6,19
14-11-2021,294,359,13,28,5,18
15-11-2021,302,397,13,25,6,15
16-11-2021,348,421,13,24,5,19
17-11-2021,322,420,16,29,4,22
18-11-2021,319,393,16,29,6,16
19-11-2021,338,333,16,28,5,14
20-11-2021,301,234,16,22,3,8
21-11-2021,258,189,14,17,4,8
22-11-2021,204,340,15,22,6,25
23-11-2021,256,437,15,34,4,18
24-11-2021,353,505,12,38,4,22
25-11-2021,368,568,11,29,4,20
26-11-2021,415,479,27,28,3,23
27-11-2021,375,399,15,23,3,12
28-11-2021,374,329,5,21,3,16
29-11-2021,306,274,7,22,3,18
30-11-2021,253,440,2,28,2,7
01-12-2021,359,317, ,17,2,9
02-12-2021,347,232,2,17,2,16
03-12-2021,274,290,3,20,3,21
04-12-2021,278,314,20,25,1,18
05-12-2021,295,161,1,16,1,8
06-12-2021,211,133,1,15,1,10
07-12-2021,177,158,1,17,1,14
08-12-2021,191,217,1,20,2,11
09-12-2021,240,182,1,20,2,13
10-12-2021,230,168,1,19,2,13
11-12-2021,205,249,1,22,2,31
12-12-2021,244,345,5,23,2,20
13-12-2021,313,354,5,25,1,19
14-12-2021,330,204,1,22,1,12
15-12-2021,253,244,2,23,1,14
16-12-2021,288,151,1,18,1,9
17-12-2021,217,141,1,19,1,11
18-12-2021,204,151,2,17,2,11
19-12-2021,212,281,2,23,2,18
20-12-2021,303,556,2,28,2,26
21-12-2021,431,480,2,32,2,23
22-12-2021,412,642,10,30,2,34
23-12-2021,496,456,2,23,2,15
24-12-2021,395,535,2,27,1,15
25-12-2021,464,505,2,20,2,11
26-12-2021,471,143,1,15,1,13
27-12-2021,195,154,2,17,2,12
28-12-2021,220,153,2,14,1,15
29-12-2021,208,221,2,19,1,9
30-12-2021,230,244,3,19,1,10
31-12-2021,259,394,3,23,2,29
01-01-2022,330,332,3,22,1,17
02-01-2022,338,341,3,23,2,17
01-07-2021,126,249,6,7,2,3
02-07-2021,158,152,6,8,2,4
03-07-2021,129,137,8,11,1,4
04-07-2021,136,122,7,9,1,5
05-07-2021,131,122,11,9,1,5
06-07-2021,104,134,8,10,1,5
07-07-2021,115,159,18,8,2,5
08-07-2021,104,94,25,7,1,6
09-07-2021,129,125,50,6,1,5
10-07-2021,108,88,7,5,2,4
11-07-2021,134,81,7,4,2,5
12-07-2021,128,66,5,9,1,7
13-07-2021,91,61,12,8,1,7
14-07-2021,118,80,14,7,1,6
15-07-2021,133,104,25,10,1,6
16-07-2021,149,103,10,8,1,5
17-07-2021,154,106,7,12,2,7
18-07-2021,140,43,2,11,1,7
19-07-2021,123,85,3,9,1,7
20-07-2021,183,83,5,11,1,8
21-07-2021,155,69,33,8,1, 
22-07-2021,127,94,3,10,1,8
23-07-2021,149,102,7,12,1,5
24-07-2021,169,94,28,9,1,2
25-07-2021,135,101,8,9,1,6
26-07-2021,167,64,3,10,1,5
27-07-2021,148,42,3,9,1,5
28-07-2021,93,73,4,10,1,6
29-07-2021,115,67,4,9,1,5
30-07-2021,144,80,8,9,1,7
31-07-2021,119,56,7,10,1,6
01-08-2021,124,66,3,10,1,6
02-08-2021,113,88,3,9,1,6
03-08-2021,121,89,6,9,1,6
04-08-2021,112,79,8,8,1,4
05-08-2021,118,86,3,8,1,6
06-08-2021,125,86,1,9,2,6
07-08-2021,130,79, ,10,1,6
08-08-2021,133,93,2,9,1,7
09-08-2021,166,85,2,9,2,7
10-08-2021,133,105,5,7,2,4
11-08-2021,129,132,3,9,1,9
12-08-2021,107,137,6,8,2,5
13-08-2021,130,122,3,7,1,5
14-08-2021,109,100,4,6,1,4
15-08-2021,108,116,4,7,2,5
16-08-2021,120,140,5,8,1,6
17-08-2021,147,129,7,9,2,6
18-08-2021,153,148,6,10,2,8
19-08-2021,157,73,5,5,2,6
20-08-2021,94,51,3,7,1,7
21-08-2021,104,78,3,6,1,9
22-08-2021,144,85,5,9,1,7
23-08-2021,135,108,2,9,1,7
24-08-2021,149,109,2,7,1,3
25-08-2021,108,115,2,9,1,5
26-08-2021,100,130,4,9,1,4
27-08-2021,118,139,3,9,2,8
28-08-2021,142,123,3,7,2,5
29-08-2021,158,64,2,4,2,4
30-08-2021,96,64,1,6,1,7
31-08-2021,106,43,2,4,1,6
01-09-2021,81,59,2,4,1,5
02-09-2021,111,67,3,5,1,8
03-09-2021,98,78,6,6,2,8
04-09-2021,101,90,3,7,2,6
05-09-2021,130,129,7,8,1,8
06-09-2021,140,88,3,4,1,5
07-09-2021,134,81,10,4,2,6
08-09-2021,88,98,6,6,2,7
09-09-2021,112,95,9,5,2,6
10-09-2021,129,41,3,5,2,6
11-09-2021,90,73,4,6,1,7
12-09-2021,122,80,3,5,1,6
13-09-2021,117,75,1,4,1,7
14-09-2021,88,82,3,6,1,6
15-09-2021,84,74,15,7,1,7
16-09-2021,98,71,4,6,1,5
17-09-2021,83,101,5,7,1,7
18-09-2021,125,94,4,7,1,5
19-09-2021,117,91,3,6,1,5
20-09-2021,110,81,3,6,1,8
21-09-2021,105,82,2,6,1,7
22-09-2021,99,77,2,5,1,5
23-09-2021,91,76,3,10, , 
24-09-2021,108,78,2,7, , 
25-09-2021,112,117,3,10,1, 
26-09-2021,138,101,12,13,1,5
27-09-2021,148,119,16,10,1,5
28-09-2021,120,97,9,8,1,3
29-09-2021,119,91,2,8,1,3
30-09-2021,119,117,3,14,1,6
01-04-2021,76, ,15,16,5,7
02-04-2021,130, ,22,20,5,9
03-04-2021,138, ,21,20,5,8
04-04-2021,146, ,29,24,6,10
05-04-2021,165,317,37,25,6,10
06-04-2021,197,175,24,17,3,7
07-04-2021,150,113,20,18,3,8
08-04-2021,124,136,18,21,3,9
09-04-2021,124,150,24,22,4,9
10-04-2021,150,144,22,21,5,9
11-04-2021,146,225,24,24,7,10
12-04-2021,184,212,20,23,7,9
13-04-2021,179,145,18,21,5,7
14-04-2021,140,184,19,20,6,8
15-04-2021,165,159,2,18,4,7
16-04-2021,140,86,15,14,3,6
17-04-2021,109,122,26,15,4,7
18-04-2021,146,162,17,17,3,10
19-04-2021,125,147,21,13,4,5
20-04-2021,133,83,18,10,3,5
21-04-2021,118,95,26,10,2,5
22-04-2021,120,87,16,9,3,6
23-04-2021,113,87,22,13,2,6
24-04-2021,117,139,25,15,4,8
25-04-2021,160,285,30,20,6,12
26-04-2021,255,349,30,21,7,14
27-04-2021,275,376,29,21,7,11
28-04-2021,291,341,27,16,6,8
29-04-2021,242,266,26,16,4,8
30-04-2021,205,160,35,13,3,6
01-05-2021,163,153,25,13,2,7
02-05-2021,148,231,18,12,3,7
03-05-2021,158,122,18,10,3,6
04-05-2021,136,125,23,8,2,7
05-05-2021,152,117,13,7,2,6
06-05-2021,99,83,21,10,2,7
07-05-2021,134,101,27,12,2,7
08-05-2021,143,89,28,8,1,6
09-05-2021,136,100,13,12,2, 
10-05-2021,141,92,31,7,2, 
11-05-2021,127,100,18,8,2,1
12-05-2021,108,69, ,7,1,3
13-05-2021,106,82,11,7,2,3
14-05-2021,119,133,18,9,2,4
15-05-2021,104,105,28,11,3,6
16-05-2021,148,155,21,15,3,5
17-05-2021,175,59,6,6,1,3
18-05-2021,77,50,4,6,2,3
19-05-2021,116,60,9,6,1,5
20-05-2021,96,62,6,7,1,4
21-05-2021,105,60,17,6,1,3
22-05-2021,84,387,11,6,1,2
23-05-2021,189,97,20,8,1,3
24-05-2021,121,96,24,10,2,5
25-05-2021,106,111,30,11,2,8
26-05-2021,130,105,30,7,1,7
27-05-2021,118, , , , , 
30-05-2021,76,103,19,8,2,6
31-05-2021,102,122,8,7,1,5
01-06-2021,84,109,6,9,2,3
02-06-2021,157,128,18,10,2,7
03-06-2021,185,200,10,10,1,5
04-06-2021,237,201,23,9,2,6
05-06-2021,126,122,23,10,2,5
06-06-2021,133,141,12,12,2,4
07-06-2021,153,343,4,11,3,11
08-06-2021,148,250,4,9,1,4
09-06-2021,131,163,6,7,2,5
10-06-2021,148,101,8,8,1,6
11-06-2021,106,88,8,6,1,5
12-06-2021,114,73,7,8,1,5
13-06-2021,114,82,14,8,1,4
14-06-2021,112,96,9,6,1,4
15-06-2021,108,75,8,8,1,5
16-06-2021,115,102,10,8,1,6
17-06-2021,145,70,7,6,1,5
18-06-2021,91,61,6,6,1,5
19-06-2021,88,57,4,5,1,3
20-06-2021,99,81,10,7,1,6
21-06-2021,126,109,3,10,2,5
22-06-2021,121,227,16,12,2,7
23-06-2021,161,134,7,7,1,6
24-06-2021,138,139,10,9,2,5
25-06-2021,138,107,11,11,1,8
26-06-2021,124,137,11,9,1,4
27-06-2021,168,112,13,9,2,6
28-06-2021,152,151,13,14,2,7
29-06-2021,149,261,7,11,3,4
30-06-2021,139,182,9,9,2,5
04-01-2021,137,70,23,23,8,23
05-01-2021,118,118,19,22,9,26
06-01-2021,168,112,9,20,7,22
07-01-2021,156,157,9,23,8,26
08-01-2021,170,143,8,23,9,23
09-01-2021,166,117,8,19,6,16
10-01-2021,158,132,7,24,8,19
11-01-2021,189,152,17,28,6,28
12-01-2021,246,185,17,30,10,20
13-01-2021,280,198,24,37,10,59
14-01-2021,437, ,25,46,12,51
15-01-2021,506,484,4,32,9,1
16-01-2021,310,526,8,25,8, 
17-01-2021,305,551,7,30,11,49
18-01-2021,322,317,6,29,10,21
19-01-2021,329,144,9,23,8,13
20-01-2021,202,407,7,43,18,24
21-01-2021,341,408,5,36,10,25
22-01-2021,380,206,16,30,9,14
23-01-2021,262,257,14,27,9,17
24-01-2021,315,192,17,26,10,18
25-01-2021,236,228,54,31,11,13
26-01-2021,287,232,53,37,13,20
27-01-2021,233,337,11,40,14,21
28-01-2021,337,325,3,41,12,16
29-01-2021,316,279,2,39,12,20
30-01-2021,291,341,6,40,15,22
31-01-2021,305,409,4,46,16,25
01-02-2021,360,421,5,47,19,24
02-02-2021,350,231,2,36,14,17
03-02-2021,265,139,2,31,9,12
04-02-2021,212,105,6,29,25,12
05-02-2021,150,119,3,31,12,11
06-02-2021,185,144,4,33,11,14
07-02-2021,212,239,3,34,15,16
08-02-2021,298,205,8,46,13,19
09-02-2021,202,288,7,30,15,19
10-02-2021,288,191,6,28,10,17
11-02-2021,248,257,6,28,7,18
12-02-2021,314,290,6,29,7,25
13-02-2021,309,347,4,27,7,30
14-02-2021,310,163,15,26,7,18
15-02-2021,239,173,4,29,8,15
16-02-2021,236,167,14,28,10,16
17-02-2021,202,174,10,23,6,17
18-02-2021,208,252,7,27,7,19
19-02-2021,261,163,4,31,7,17
20-02-2021,201,213,2,33,7,15
21-02-2021,257,218,2,35,7,15
22-02-2021,240,291,2,37,11,20
23-02-2021,246,348,9,44,13,26
24-02-2021,270,261,3,40,8,21
25-02-2021,243,206,4,37,10,14
26-02-2021,201,125,3,34,10,12
27-02-2021,145,107,3,36,9,10
28-02-2021,149,101,5,35,7,9
01-03-2021,145,101,3,35,8,8
02-03-2021,139,138,3,37,11,13
03-03-2021,182,167,5,43,13,21
04-03-2021,219,116,3,40,10,11
05-03-2021,165,111,2,40,10,11
06-03-2021,177,146,3,39,11,16
07-03-2021,172,155,2,38,8,11
08-03-2021,177,220,2,38,7,12
09-03-2021,209,126,1,16,3,11
10-03-2021,161,182,2,11,4,12
11-03-2021,183,147,4,6,3,8
12-03-2021,147,157,8,7,4,11
13-03-2021,194,118,9,10,5,9
14-03-2021,171,147,8,15,5,9
15-03-2021,188,189,4,14,4,9
16-03-2021,189,203,9,18,6,9
17-03-2021,207,200,17,20,4,11
19-03-2021,148,125,14,18,5,10
20-03-2021,197,144,16,17,7,10
21-03-2021,209,128,7,17,4,10
22-03-2021,159,112,4,14,3,7
23-03-2021,141,77,15,16,6,7
24-03-2021,154,62,7,13,3,6
25-03-2021,123,60,12,15,3,8
26-03-2021,145, ,15,21,6,11
27-03-2021,193, ,20,17,4,8
28-03-2021,182, , , , , 
01-10-2020,139,149,27,18,8,10
02-10-2020,143,144,25,19,6,12
03-10-2020,137,148,31,22,8,11
04-10-2020,139,168,26,20,8,11
05-10-2020,135,171,26,23,11,14
06-10-2020,144,226,24,19,12,14
07-10-2020,170,202,33,24,11,13
08-10-2020,152,180,35,23,11,15
09-10-2020,153,169,30,24,10,13
10-10-2020,155,170,3,24,11,15
11-10-2020,155,269,20,24,12,18
12-10-2020,176,308,19,21,13,20
13-10-2020,185,238,7,21,11,27
14-10-2020,175,274,20,23,12,14
15-10-2020,171,294,13,23,13,20
16-10-2020,180,280,27,31,12,15
17-10-2020,175,190,22,29,10,11
18-10-2020,153,221,26,27,10,15
19-10-2020,162,251,27,29,12,17
20-10-2020,159,348,21,28,13,23
21-10-2020,169,410,29,32,15,24
22-10-2020,207,457,29,32,12,18
23-10-2020,237,374,18,31,12,22
24-10-2020,209,403,20,31,14,25
25-10-2020,220,343,26,30,10,19
26-10-2020,209,222,28,27,8,19
27-10-2020,178,324,31,30,11,17
28-10-2020,194,463,43,36,11,26
29-10-2020,242,356,31,29,11,20
30-10-2020,214,348,27,26,9,21
31-10-2020,229,370,30,26,13,22
01-11-2020,247,312,25,22,12,19
02-11-2020,199,327,11,9,10,25
03-11-2020,187,506,10,21,18,29
04-11-2020,285,426,15,20,18,25
05-11-2020,245,436,15,18,18,28
06-11-2020,251,464,18,21,15,28
07-11-2020,307,539,20,56,18,28
08-11-2020,321,706,19,61,18,33
09-11-2020,418,785,21,60,14,35
10-11-2020,433,402,14,40,14,29
11-11-2020,240,377,12,43,12,27
12-11-2020,226,375,15,50,11,29
13-11-2020,237,516,19,45,13,34
14-11-2020,349,347,28,26,21,27
15-11-2020,348,77,11,17,9,16
16-11-2020,131,73,10,20,10,16
17-11-2020,127,99,24,23,9,17
18-11-2020,152,200,22,30,11,20
19-11-2020,168,176,20,26,10,18
20-11-2020,163,159,18,25,12,18
21-11-2020,146,212,17,28,15,21
22-11-2020,167,418,20,39,16,33
23-11-2020,222,488,11,41,14,35
24-11-2020,255,433,26,34,19,28
25-11-2020,252,123,10,20,11,16
26-11-2020,130,84,10,21,9,14
27-11-2020,126,95,13,27,12,16
28-11-2020,151,101,26,27,20,17
29-11-2020,169,159,17,36,13,19
30-11-2020,184,176,16,38,15,26
01-12-2020,226,175,15,35,14,25
02-12-2020,203,339,23,36,16,29
03-12-2020,207,469,31,42,13,38
04-12-2020,247,350,21,32,11,27
05-12-2020,227,198,18,30,11,24
06-12-2020,210,223,18,30,10,27
07-12-2020,231,260,22,31,12,29
08-12-2020,225,272,17,33,13,33
09-12-2020,220,141,25,24,12,20
10-12-2020,170,171,18,33,11,22
11-12-2020,178,147,15,19,8,20
12-12-2020,196,98,10,16,7,14
13-12-2020,148,100,10,15,9,12
14-12-2020,131,125,11,18,13,13
15-12-2020,155,130,11,19,9,14
16-12-2020,151,144,11,17,8,14
17-12-2020,164,165,16,25,9,16
18-12-2020,158,255,16,29,10,18
19-12-2020,183,255,14,28,10,18
20-12-2020,188,326,20,36,16,28
21-12-2020,206,508,14,41,14,37
22-12-2020,289,394,13,39,16,41
23-12-2020,297,320,10,37,12,32
24-12-2020,271,191,8,33,11,13
25-12-2020,194,209,11,36,11,14
26-12-2020,214,250,13,35,12,13
27-12-2020,221,162,8,26,11,17
28-12-2020,155,178,14,32,10,30
29-12-2020,174,171,10,26,8,34
30-12-2020,176,350,8,36,10,42
31-12-2020,230,716,11,43,13,69
01-01-2021,370,541,11,42,12,49
02-01-2021,292,168,7,26,10,35
03-01-2021,175,106,11,27,9,25
01-07-2020,139,87,17,13,9,14
02-07-2020,147,93,13,14,10,14
03-07-2020,155,71,10,11,9,12
04-07-2020,125,43,11,10,8,12
05-07-2020,85,68,5,12,8,12
06-07-2020,143,51,10,8,8,12
07-07-2020,79,50,5,10,8,13
08-07-2020,91,58,5,12,10,12
09-07-2020,118,57,5,12,11,14
10-07-2020,85,49,7,13,8,12
11-07-2020,78,42,2,12,6,10
12-07-2020,72,72,4,14,7,11
13-07-2020,90,85,2,12,9,12
14-07-2020,106,69,25,10,8,11
15-07-2020,120,60,4,12,8,11
16-07-2020,106,63,5,12,7,12
17-07-2020,132,66,4,12,8,11
18-07-2020,119,45,2,11,8,10
19-07-2020,97,53,8,13,8,11
20-07-2020,77,45,3,12,7,10
21-07-2020,90,39,3,12,7,10
22-07-2020,97,62,6,15,7,12
23-07-2020,114,81,9,14,7,11
24-07-2020,142,65,3,10,7,11
25-07-2020,111,75,3,13,8,11
26-07-2020,131,82,3,16,8,10
27-07-2020,110,67,2,12,10,11
28-07-2020,80,65,3,14,8,10
29-07-2020,75,49,3,13,7,10
30-07-2020,58,70,4,15,6,10
31-07-2020,118,58,4,16,8,12
01-08-2020,110,48,2,13,9,11
02-08-2020,75,51,2,12,9,9
03-08-2020,79,58,2,13,8,10
04-08-2020,77,67,5,14,7,11
05-08-2020,111,70,4,11,7,10
06-08-2020,75,55,6,12,7,10
07-08-2020,80,68,4,14,8,11
08-08-2020,130,52,2,11,7,10
09-08-2020,109,67,4,11,7,10
10-08-2020,118,74,2,13,8,12
11-08-2020,137,55,2,11,9,10
12-08-2020,75,32,2,11,7,10
13-08-2020,64,65,4,12,7,11
14-08-2020,102,59,3,9,6,9
15-08-2020,111,53,5,12,7,10
16-08-2020,84,58,9,13,7,12
17-08-2020,103,71,3,15,8,10
18-08-2020,118,45,7,13,7,10
19-08-2020,89,77,7,13,13,15
20-08-2020,88,76,6,9,10,11
21-08-2020,81,70,4,8,14,10
22-08-2020,68,58,7,7,15,12
23-08-2020,62,53,13,13,16,11
24-08-2020,78,58,1,12,9,15
25-08-2020,60,58,2,15,15,20
26-08-2020,58,59,2,15,13,17
27-08-2020,56,69,11,17,13,23
28-08-2020,82,84,10,16,9,17
29-08-2020,95,74,4,11,10,17
30-08-2020,72,39,13,9,8,13
31-08-2020,26, , , , , 
02-09-2020,71,103,19,16,11,14
03-09-2020,96,100,11,14,10,23
04-09-2020,98, , , , , 
07-09-2020,98,80,9,19,8, 
08-09-2020,76,94,10,22,8,10
09-09-2020,99,100,7,25,11,11
10-09-2020,112,108,17,18,10,9
11-09-2020,115,112,14,12,7,10
12-09-2020,120,101,17,14,10,10
13-09-2020,115,105,7,14,9,12
14-09-2020,137,99,5,15,10,12
15-09-2020,128,100,5,16,11,11
16-09-2020,121,88,5,15,9,11
17-09-2020,111,86,4,16,9,12
18-09-2020,103,84,5,17,8,12
19-09-2020,112,87,4,16,8,11
20-09-2020,124,92,8,19,10,12
21-09-2020,124,85,5,15,11,12
22-09-2020,131,71,6,13,12,9
23-09-2020,71,82,6,15,10,11
24-09-2020,104,113,7,16,10,14
25-09-2020,125,126,4,15,7,12
26-09-2020,122,141,6,15,6,10
27-09-2020,93,143,12,18,5,11
28-09-2020,139,144,6,15,6,13
29-09-2020,151,118,3,26,6,12
30-09-2020,127,165,18,18,7,12
01-04-2020,104,56,2,15,5,15
02-04-2020,94,51,2,18,6,14
03-04-2020,96,59,2,18,7,15
04-04-2020,113,94,2,17,6,18
05-04-2020,147,85,2,17,6,17
06-04-2020,135,71,2,16,5,15
07-04-2020,89,61,3,18,6,14
08-04-2020,91,59,2,19,6,17
09-04-2020,109,79,2,19,6,17
10-04-2020,131,81,33,15,6,14
11-04-2020,128,64,28,14,6,11
12-04-2020,108,88,32,16,7,11
13-04-2020,139,99,40,17,6,13
14-04-2020,144,114,30,16,6,12
15-04-2020,143,124,33,16,7,11
16-04-2020,145,66,32,14,6,9
17-04-2020,84,70,30,12,6,10
18-04-2020,91,54,23,13,5,12
19-04-2020,105,87,15,13,5,12
20-04-2020,127,63,24,12,5,11
21-04-2020,114,89,30,15,6,12
22-04-2020,139,90,27,14,6,13
23-04-2020,132,81,31,14,5,13
24-04-2020,142,63,29,12,5,11
25-04-2020,85,80,19,11,5,12
26-04-2020,104,46,23,10,5,11
27-04-2020,85,60,30,9,6,11
28-04-2020,115,77,32,10,6,12
29-04-2020,137,79,34,10,5,13
30-04-2020,137,92,31,10,6,12
01-05-2020,151,79,22,9,5,13
02-05-2020,99,62,13,9,5,12
03-05-2020,96,45,23,9,5,13
04-05-2020,81,72,23,12,6,13
05-05-2020,126,106,26,11,6,13
06-05-2020,144,58,32,10,5,13
07-05-2020,93,76,36,11,5,13
08-05-2020,124,83,33,10,6,13
09-05-2020,140,103,42,10,5,11
10-05-2020,114,68,36,11,5,11
11-05-2020,120,70,34,11,6,12
12-05-2020,123,104,32,12,6,15
13-05-2020,159,81,28,12,6,13
14-05-2020,144,74,28,13,6,14
15-05-2020,125,89,34,15,6,14
16-05-2020,152,113,37,17,8,13
17-05-2020,177,119,34,19,12,15
18-05-2020,175,131,31,22,10,15
19-05-2020,180,97,29,17,9,13
20-05-2020,142,102,21,21,9,14
21-05-2020,119,148,29,25,16,17
22-05-2020,192,128,10,23,10,14
23-05-2020,141,107,16,15,13,13
24-05-2020,128,101,16,15,13,15
25-05-2020,132,127,10,19,16,15
26-05-2020,130,111,24,15,9,13
27-05-2020,118,138,8,11,9,13
28-05-2020,98,52,2,12,8,12
29-05-2020,76,49,3,12,8,12
30-05-2020,78,38,2,10,8,13
31-05-2020,77,48,1,11,8,15
01-06-2020,105, , , , , 
03-06-2020,139,104,10,18,9,14
04-06-2020,156,72,36,13,9,13
05-06-2020,117,68,43,14,9,12
06-06-2020,105,64,25,12,9,11
07-06-2020,102,78,30,13,11,13
08-06-2020,131,87,21,16,11,14
09-06-2020,142,113,16,21,10,15
10-06-2020,134,82,12,14,10,13
11-06-2020,135,90,10,14,10,14
12-06-2020,150,76,8,15,8,13
13-06-2020,141,83,5,13,11,15
14-06-2020,148,82,24,12,13,13
15-06-2020,130,76,28,14,10,13
16-06-2020,108,68,20,11,10,12
17-06-2020,102,69,15,12,10,13
18-06-2020,111,119,11,13,9,13
19-06-2020,138,74,12,13,12,12
20-06-2020,105,73,9,15,11,13
21-06-2020,121,62,18,13,11,14
22-06-2020,123,72,6,11,10,13
23-06-2020,99,67,8,9,12,11
24-06-2020,98, , , , , 
26-06-2020,114,102,5,14,11,13
27-06-2020,117,175,6,14,11,12
28-06-2020,128,111,9,12,9,11
29-06-2020,111,85,11,11,10,11
30-06-2020,135,80,14,11,9,12
01-01-2020,444,482,3,14,9,27
02-01-2020,419,377,2,11,7,25
03-01-2020,355,245,3,13,3,21
04-01-2020,286,204,3,11,4,16
05-01-2020,272,197,3,9,4,17
06-01-2020,250,180,6,8,4,19
07-01-2020,229,108,3,5,3,16
08-01-2020,207,102,5,4,3,13
09-01-2020,182,153,7,6,3,17
10-01-2020,214,200,7,8,4,19
11-01-2020,246,301,8,8,4,22
12-01-2020,309,262,7,5,4,24
13-01-2020,318,115,6,3,3,16
14-01-2020,197,121,3,4,4,16
15-01-2020,195,134,2,4,3,17
16-01-2020,232,112,2,3,4,18
17-01-2020,203,131,2,3,3,19
18-01-2020,208,131,2,4,3,16
19-01-2020,215,178,3,5,4,18
20-01-2020,244,324,4,14,4,27
21-01-2020,353,206,2,13,4,24
22-01-2020,287,112,2,14,3,16
23-01-2020,165,122,2,17,3,16
24-01-2020,176,188,3,19,4,21
25-01-2020,239,263,3,17,4,23
26-01-2020,322,280,3,18,4,30
27-01-2020,333,164,2,12,3,19
28-01-2020,201,136,2,16,3,16
29-01-2020,173,139,3,20,3,16
30-01-2020,184,144,2,20,3,18
31-01-2020,191,168,2,19,3,18
01-02-2020,201,162,2,19,3,19
02-02-2020,219,233,2,23,3,20
03-02-2020,247,309,3,27,3,25
04-02-2020,286,197,2,24,3,17
05-02-2020,237,155,2,22,3,17
06-02-2020,214,167,3,25,3,18
07-02-2020,214,155,2,25,3,18
08-02-2020,234,179,2,25,3,19
09-02-2020,249,236,3,26,3,19
10-02-2020,266,255,2,27,3,20
11-02-2020,258,205,3,28,3,12
12-02-2020,252,136,2,27,3,11
13-02-2020,182,143,2,24,3,10
14-02-2020,166,126,2,25,3,10
15-02-2020,173,172,2,29,3,13
16-02-2020,236,217,3,29,3,15
17-02-2020,257,165,3,31,3,12
18-02-2020,204,162,30,39,4,11
19-02-2020,179,189,25,32,3,8
20-02-2020,188,80,9,24,3,5
21-02-2020,136,101,11,26,3,10
22-02-2020,155,122,10,27,4,9
23-02-2020,181,116,11,30,4,8
24-02-2020,166,157,11,35,5,20
25-02-2020,217,222,4,34,9,23
26-02-2020,257,210,11,29,6,20
27-02-2020,200,145,4,22,5,16
28-02-2020,174,122,5,21,5,15
29-02-2020,154,106,4,27,5,17
01-03-2020,138,168,3,24,6,22
02-03-2020,189,146,1,17,6,22
03-03-2020,162,174,8,19,6,17
04-03-2020,163,88,2,13,5,14
05-03-2020,121,64,2,14,5,14
06-03-2020,112,151,3,28,6,21
07-03-2020,170,142,3,20,5,20
08-03-2020,171,110,2,20,5,16
09-03-2020,149,114,5,20,6,16
10-03-2020,172,94,2,17,5,15
11-03-2020,149,139,6,17,6,18
12-03-2020,155,165,1,21,7,19
13-03-2020,163,81,1,22,5,16
14-03-2020,129,107,2,23, ,16
15-03-2020,158,109,2,20, ,16
16-03-2020,141,129,1,20, ,17
17-03-2020,154,121,3,21, ,16
18-03-2020,150,169,1,20, ,20
19-03-2020,194,171,1,21, ,24
20-03-2020,175,153,1,20, ,23
21-03-2020,173,137,2,16, ,27
22-03-2020,180,85,1,16, ,23
23-03-2020,137,76,2,15, ,24
24-03-2020,135,62,2,16, ,37
25-03-2020,114, , , , , 
29-03-2020,73,53,2,15,18,13
30-03-2020,100,57,1,16,6,13
31-03-2020,99,62,2,16,6,14
01-10-2019,120,83,17,12,5,8
02-10-2019,113,151,31,15,6,9
03-10-2019,154,85,14,15,5,7
04-10-2019,133,88,16,17,5,8
05-10-2019,119,102,18,16,5,8
06-10-2019,146,106,12,17,3,7
07-10-2019,143,92,19,16,6,7
08-10-2019,122,142,63,18,6,11
09-10-2019,160,177,46,27,8,12
10-10-2019,190,136,39,19,6,11
11-10-2019,172,156,23,22,6,13
12-10-2019,188,184,30,20,7,12
13-10-2019,217,208,28,22,7,14
14-10-2019,201,217,43,30,6,19
15-10-2019,200,233,45,31,7,15
16-10-2019,219,224,108,22,8,14
17-10-2019,204,223,20,18,5,10
18-10-2019,162,127,34,20,7,9
19-10-2019,161,136,16,19,7,12
20-10-2019,145,199,37,20,8,11
21-10-2019,207,180,23,22,9,11
22-10-2019,184,254,25,32,10,14
23-10-2019,207,380,40,29,10,22
24-10-2019,290,244,62,26,9,17
25-10-2019,208,303,53,30,8,19
26-10-2019,247,365,29,26,10,16
27-10-2019,326,375,21,19,15,18
28-10-2019,398,424,7,22,8,20
29-10-2019,400,445,6,26,10,23
30-10-2019,390,495,6,28,11,25
31-10-2019,424,589,13,37,11,27
01-11-2019,495,367,6,26,8,18
02-11-2019,384,925,5,20,6,31
03-11-2019,828,389,9,24,6,17
04-11-2019,400,239,17,22,7,13
05-11-2019,298,181,16,31,8,14
06-11-2019,197,221,6,21,6,15
07-11-2019,257,190,10,25,7,16
08-11-2019,233,162,6,19,6,11
09-11-2019,229,180,12,21,9,12
10-11-2019,246,316,14,24,10,16
11-11-2019,342,534,14,24,9,18
12-11-2019,509,439,12,28,10,22
13-11-2019,436,511,9,30,9,24
14-11-2019,446,455,8,28,8,22
15-11-2019,420,236,6,17,6,13
16-11-2019,265,135,5,15,5,10
17-11-2019,178,155,7,18,6,15
18-11-2019,209,202,7,18,6,20
19-11-2019,223,338,10,15,8,23
20-11-2019,296,320,10,14,9,27
21-11-2019,281,294,6,14,7,25
22-11-2019,281,176,6,13,5,17
23-11-2019,211,139,3,10,6,16
24-11-2019,172,170,4,11,6,18
25-11-2019,203,233,20,12,6,20
26-11-2019,204,119,6,13,4,15
27-11-2019,150,80,4,16,4,13
28-11-2019,116,99,6,15,5,15
29-11-2019,141,150,6,18,5,17
30-11-2019,194,154,13,23,5,16
01-12-2019,215,202,14,25,5,18
02-12-2019,249,229,12,27,6,20
03-12-2019,248,289,13,29,7,20
04-12-2019,272,521,8,35,6,27
05-12-2019,412,335,5,28,6,23
06-12-2019,334,316,6,26,5,20
07-12-2019,324,381,4,25,6,23
08-12-2019,353,292,8,25,5,23
09-12-2019,298,401,8,29,5,26
10-12-2019,359,556,10,35,5,31
11-12-2019,441,450,8,17,3,24
12-12-2019,400,108,4,12,3,15
13-12-2019,185,135,4,11,4,18
14-12-2019,188,121,3,8,3,13
15-12-2019,191,112,4,10,4,14
16-12-2019,178,123,6,12,4,14
17-12-2019,192,160,13,15,3,15
18-12-2019,242,426,9,21,4,25
19-12-2019,413,482,11,20,4,25
20-12-2019,451,278,6,14,3,20
21-12-2019,341,141,6,12,3,16
22-12-2019,224,156,6,12,4,17
23-12-2019,237,332,8,16,3,21
24-12-2019,351,172,5,11,3,15
25-12-2019,233,204,6,12,3,16
26-12-2019,272,314,7,13,4,17
27-12-2019,340,375,6,13,6,21
28-12-2019,360,421,10,14,6,22
29-12-2019,397, , , , , 
01-07-2019,131,160,28,15,7,9
02-07-2019,152,106,16,14,5,9
03-07-2019,112,81,6,16,5,10
04-07-2019,100,106,8,15,6,11
05-07-2019,140,97,19,16,5,9
06-07-2019,102,83,14,17,6,8
07-07-2019,109,128,13,20,6,11
08-07-2019,135,119,6,15,6,9
09-07-2019,131,282,3,18,4,8
10-07-2019,151,355,8,12,6,9
11-07-2019,165,399,24,17,6,9
12-07-2019,164,274,18,20,8,8
13-07-2019,154,259,16,20,5,7
14-07-2019,157,79,5,22,5,9
15-07-2019,113,86,23,20,5,7
16-07-2019,99,63,16,19,4,8
17-07-2019,95,92,31,29,5,12
18-07-2019,115,146,36,32,5,12
19-07-2019,153,115,9,27,5,11
20-07-2019,137,98,15,24,5,13
21-07-2019,130,121,20,26,5,17
22-07-2019,157,156,31,30,5,18
23-07-2019,174,174,12,29,5,15
24-07-2019,142,93,2,27,5,8
25-07-2019,92,93,51,18,4,7
26-07-2019,108,80,50,20,5,9
27-07-2019,111,88,46,18,4,8
28-07-2019,92,117,29,16,4,11
29-07-2019,105,106,92,20,4,9
30-07-2019,115,86,49,17,4,9
31-07-2019,98,109,8,19,5,75
01-08-2019,105,92,11,21,4,62
02-08-2019,99,109,79,21,5,10
03-08-2019,138,97,35,19,4,11
04-08-2019,138,115,21,23,4,12
05-08-2019,155,75,31,21,4,9
06-08-2019,111,88,15,18,4,10
07-08-2019,113,111,31,18,5,10
08-08-2019,121,97,9,16,4,4
09-08-2019,79,70,16,14,5,5
10-08-2019,77,82,36,18,4,7
11-08-2019,104,85,5,23,6,15
12-08-2019,110,73,9,17,5,7
13-08-2019,90,64,9,17,4,10
14-08-2019,98,59,7,12,4,10
15-08-2019,89,61,10,14,4,22
16-08-2019,69,52,12,13,3,15
17-08-2019,57,41,6,18,4,18
18-08-2019,59,88,24,22,4,21
19-08-2019,118,88,13,13,4,17
20-08-2019,108,106,17,20,4,13
21-08-2019,122,115,9,20,4,12
22-08-2019,120,140,9,26,4,15
23-08-2019,143,136,7,26,4,15
24-08-2019,149,80,8,14,3,8
25-08-2019,104,99,8,18,4,11
26-08-2019,104,122,80,22,5,13
27-08-2019,128,143,45,20,5,12
28-08-2019,151,109,14,20,4,9
29-08-2019,123,107,36,22,5,10
30-08-2019,135,129,16,29,5,13
31-08-2019,155,103,26,23,4,10
01-09-2019,115,104,17,20,4,9
02-09-2019,148,104,16,18,4,10
03-09-2019,155,142,28,24,5,11
04-09-2019,168,107,24,18,4,6
05-09-2019,117,108,32,20,6,12
06-09-2019,134,94,17,20,5,8
07-09-2019,256,71,1,13,4,7
08-09-2019,95,99,8,17,4,9
09-09-2019,144,106,7,18,5,9
10-09-2019,153,127,21,24,5,10
11-09-2019,168,122,27,20,5,9
12-09-2019,162,104,14,18,5,7
13-09-2019,118,100,12,16,4,5
14-09-2019,100, , , , , 
16-09-2019,151,123,30,26,5,10
17-09-2019,154,116,21,23,3,8
18-09-2019,130,129,7,25, ,5
19-09-2019,106,134,7,21,3,8
20-09-2019,105, , , , , 
22-09-2019,134,127,14,18,5,8
23-09-2019,169,117,5,17,5,7
24-09-2019,145,112,14,12,6,7
25-09-2019,124,102,56,12,6,8
26-09-2019,115,93,53,9,7,6
27-09-2019,79,97,54,10,6,6
28-09-2019,105,102,11,9,5,6
29-09-2019,83,100,14,12,5,12
30-09-2019,149,114,15,12,5,9
01-04-2019,143,196,48,46,15,13
02-04-2019,193,177,41,45,14,13
03-04-2019,170,236,71,45,14,11
04-04-2019,212,250,93,47,16,16
05-04-2019,203,297,44,37,14,13
06-04-2019,187,402,28,37,12,11
07-04-2019,260,271,45,37,9,11
08-04-2019,165,194,52,43,12,11
09-04-2019,184,245,37,44,10,12
10-04-2019,188,170,38,31,9,11
11-04-2019,156,194,31,26,8,7
12-04-2019,144,127,30,22,8,10
13-04-2019,130,120,28,23,8,16
14-04-2019,137,161,26,29,10,16
15-04-2019,148,192,23,25,8,9
16-04-2019,150,100,27,28,7,5
17-04-2019,104,86,42,25,6,7
18-04-2019,139,118,39,31,12,10
19-04-2019,159,158,62,47,17,13
20-04-2019,195,209,41,56,17,16
21-04-2019,217,198,57,41,15,17
22-04-2019,204,282,54,49,14,18
23-04-2019,201,229,65,40,8,14
24-04-2019,174,254,61,41,9,12
25-04-2019,181,181,40,37,12,13
26-04-2019,176,224,31,30,9,9
27-04-2019,168,180,31,30,8,8
28-04-2019,159,212,40,38,10,11
29-04-2019,168,260,8,61,20,14
30-04-2019,186,254,76,37,13,15
01-05-2019,182,284,43,28,9,12
02-05-2019,160,145,59,34,9,10
03-05-2019,147,147,49,38,9,11
04-05-2019,163,212,48,44,12,14
05-05-2019,202,322,50,59,18,21
06-05-2019,233,403,26,56,19,19
07-05-2019,232,407,35,49,16,20
08-05-2019,240,377,39,44,17,14
09-05-2019,231,300,37,39,15,9
10-05-2019,195,236,42,30,10,10
11-05-2019,188,478,51,33,9,10
12-05-2019,243,349,73,35,17,12
13-05-2019,264,113,45,30,7,7
14-05-2019,135,159,30,46,15,13
15-05-2019,174,168,33,41,8,13
16-05-2019,151,393,34,41,9,11
17-05-2019,172,91,22,35,7,7
18-05-2019,129,127,59,42,9,11
19-05-2019,170,177,53,45,12,12
20-05-2019,178,168,53,32,12,11
21-05-2019,171,174,35,36,13,14
22-05-2019,163,236,61,39,14,15
23-05-2019,204,98,18,35,7,10
24-05-2019,119,92,35,27,6,7
25-05-2019,120,114,43,34,9,7
26-05-2019,147,140,47,44,12,9
27-05-2019,151,141,45,45,10,10
28-05-2019,147,146,53,40,13,11
29-05-2019,167,220,44,44,14,12
30-05-2019,184,354,58,46,14,12
31-05-2019,184,312,78,54,16,14
01-06-2019,192,187,23, ,8,10
02-06-2019,166,294,21,23,7,9
03-06-2019,150,156,46,31,9,10
04-06-2019,145,154,58,34,9,12
05-06-2019,155,217,45,34,10,10
06-06-2019,157,121,67,31,8,9
07-06-2019,139,155,64,38,8,13
08-06-2019,148,285,76,48,15,17
09-06-2019,200,218,44,47,13,16
10-06-2019,154,564,19,44,13,13
11-06-2019,187,234,36,27,7,7
12-06-2019,126,159,27,29,10,9
13-06-2019,134,136,39,33,10,9
14-06-2019,137,180,36,37,11,9
15-06-2019,163,139,18,22,8,5
16-06-2019,114,115,16,28,8,6
17-06-2019,118,75,25,26,5,7
18-06-2019,83,152,46,30,8,8
19-06-2019,155,114,62,27,5,7
20-06-2019,106,144,50,42,9,12
21-06-2019,155,139,45,29,9,12
22-06-2019,156,121,35,18,6,12
23-06-2019,121,100,14,20,8,13
24-06-2019,82,106,32,22,7,10
25-06-2019,148,116,27,24,7,9
26-06-2019,151,174,23,20,6,10
27-06-2019,146,174,18,25,9,7
28-06-2019,141,216,13,24,9,9
29-06-2019,141,219,16,19,7,9
30-06-2019,140,134,16,15,6,6
01-01-2019,414,641,9,49,12,29
02-01-2019,480,604,10,39,9,27
03-01-2019,496,354,6,30,7,16
04-01-2019,352,454,11,38,10,19
05-01-2019,378,204,9,30,8,15
06-01-2019,261,211,8,29,8,13
07-01-2019,271,168,11,23,7,16
08-01-2019,240,156,14,23,7,11
09-01-2019,224,222,12,27,9,13
10-01-2019,242,438,11,39,10,22
11-01-2019,378,497,14,39,9,27
12-01-2019,417,407,10,34,9,25
13-01-2019,391,139,14,21,7,9
14-01-2019,176,175,10,28,8,10
15-01-2019,222,475,8,45,13,19
16-01-2019,381,418,10,36,11,20
17-01-2019,384,289,4,32,8,24
18-01-2019,289,385,6,43,13,19
19-01-2019,317,664,8,65,14,37
20-01-2019,478,378,11,41,11,23
21-01-2019,311,75,3,24,8,10
22-01-2019,156,178,4,27,8,13
23-01-2019,247,197,5,25,8,13
24-01-2019,230,108,17,24,11,9
25-01-2019,174,114,28,21,10,9
26-01-2019,180,149,20,21,11,10
27-01-2019,221,201,21,23,11,11
28-01-2019,263,167,21,25,12,12
29-01-2019,220,293,24,27,19,18
30-01-2019,307,359,19,29,16,23
31-01-2019,316,218,15,28,14,13
01-02-2019,289,242,7,26,8,15
02-02-2019,286,169,14,28,10,12
03-02-2019,236,241,26,47,14,19
04-02-2019,270,564,21,66,17,37
05-02-2019,415,301,17,44,9,19
06-02-2019,313,126,12,23,7,9
07-02-2019,174,119,18,27,7,10
08-02-2019,168,139,21,24,8,11
09-02-2019,182,201,22,34,10,13
10-02-2019,243,264,30,42,10,17
11-02-2019,265,328,35,43,10,18
12-02-2019,308,314,40,56,9,27
13-02-2019,300,211,15,39,9,16
14-02-2019,259,154,13,34,9,12
15-02-2019,225,134,10,25,7,11
16-02-2019,191,134,27,31,8,12
17-02-2019,192,199,21,32,9,13
18-02-2019,226,186,30,43,10,15
19-02-2019,225,187,6,45,10,14
20-02-2019,214,202,19,37,10,17
21-02-2019,180,143,13,27,5,10
22-02-2019,169,104,22,27,4,8
23-02-2019,150,118,30,35,6,9
24-02-2019,176,135,23,38,6,10
25-02-2019,170,135,11,33,7,9
26-02-2019,172,77,8,24,5,6
27-02-2019,151,151,1,37,6,17
28-02-2019,182,96,24,21,5,6
01-03-2019,136,141,4,41,7,15
02-03-2019,205,117,16,35,6,10
03-03-2019,172,127,15,32,6,9
04-03-2019,181,112,17,27,5,8
05-03-2019,161,136,17,32,7,8
06-03-2019,177,165,32,32,7,11
07-03-2019,192,143,28,32,8,12
08-03-2019,166, ,24,27,9,13
09-03-2019,152, ,27,30,9,8
10-03-2019,173, ,35,31,9,11
11-03-2019,162, ,26,24,7,8
12-03-2019,135, ,22,32,13,11
13-03-2019,171, ,14,29,11,11
14-03-2019,191,118,20,28,9,9
15-03-2019,159,113,30,29,8,8
16-03-2019,158,136,34,39,11,10
17-03-2019,173,152,38,35,11,11
18-03-2019,188,188,32,41,12,13
19-03-2019,188,229,26,45,13,13
20-03-2019,173,148,36,20,11,11
21-03-2019,188,94,32,23,7,7
22-03-2019,106,103,32,23,8,7
23-03-2019,135,104,27,29,11,7
24-03-2019,136,107,24,24,8,8
25-03-2019,145,123,32,28,8,9
26-03-2019,154,132,33,39,12,12
27-03-2019,159,232,55,48,18,16
28-03-2019,219,221,46,41,10,14
29-03-2019,184,178,55,41,12,11
30-03-2019,178,129,31,26,8,8
31-03-2019,134,136,34,31,11,10
01-10-2018,155,158,24,20,12,11
02-10-2018,168,166,35,24,12,13
03-10-2018,145,172,53,24,15,13
04-10-2018,174,220,31,17,15,14
05-10-2018,210,133,23,19,12,10
06-10-2018,131,155,36,20,14,11
07-10-2018,167,223,45,24,14,14
08-10-2018,205,281,50,24,14,16
09-10-2018,192,227,24,20,14,15
10-10-2018,179,203,14,17,13,10
11-10-2018,163,144,34,15,16,10
12-10-2018,163,255,33,19,17,13
13-10-2018,244,182,27,23,17,11
14-10-2018,190,283,35,23,20,16
15-10-2018,221,368,36,30,19,22
16-10-2018,249,338,29,23,15,24
17-10-2018,227,342,30,23,18,25
18-10-2018,241,279,34,20,19,17
19-10-2018,222,279,39,18,20,15
20-10-2018,263,220,33,19,21,14
21-10-2018,231,218,26,16,24,15
22-10-2018,209,288,32,5,30,18
23-10-2018,223,374,35,3,21,26
24-10-2018,289,304,43,1,21,23
25-10-2018,264,358,32,2,15,21
26-10-2018,300,346,31,2,12,25
27-10-2018,284,472,4,3,14,52
28-10-2018,381,401,29,4,11,29
29-10-2018,313,457,28,5,11,27
30-10-2018,361,418,25,11,11,29
31-10-2018,334,502,23,16,13,34
01-11-2018,388,418,24,17,12,21
02-11-2018,331,324,14,18,10,20
03-11-2018,259,150,26,17,11,10
04-11-2018,196,500,15,16,12,18
05-11-2018,464,266,23,15,11,13
06-11-2018,277,320,35,11,16,14
07-11-2018,320,545,22,9,22,25
08-11-2018,545,512,33,9,14,26
09-11-2018,423,555,17,10,14,31
10-11-2018,428,520,35,9,14,27
11-11-2018,404,531,33,9,13,27
12-11-2018,404,517,10,7,14,32
13-11-2018,393,244,14,9,11,22
14-11-2018,257,145,11,16,11,16
15-11-2018,195,193,16,13,12,12
16-11-2018,243,221,19,11,13,13
17-11-2018,247,370,23,8,13,20
18-11-2018,306,332,25,7,12,17
19-11-2018,290,375,24,7,11,20
20-11-2018,332,321,20,21,12,17
21-11-2018,313,350,21,20,15,19
22-11-2018,271,321,18,18,13,22
23-11-2018,295,187,15,21,14,14
24-11-2018,200,224,20,20,14,14
25-11-2018,235,408,21,20,15,21
26-11-2018,330,487,8,15,13,38
27-11-2018,331,357,13,12,12,24
28-11-2018,299,394,9,7,12,24
29-11-2018,342,300,14,4,12,17
30-11-2018,299,274,17,2,13,16
01-12-2018,255,371,22,1,14,24
02-12-2018,302,399,17, ,15,25
03-12-2018,317,462,13,1,13,35
04-12-2018,348,312,14, ,13,20
05-12-2018,286,411,14,9,13,26
06-12-2018,349,319,13,8,14,17
07-12-2018,305,309,16,7,15,16
08-12-2018,311,312,19,6,14,19
09-12-2018,314,546,23,6,14,22
10-12-2018,425,544,20,6,13,28
11-12-2018,421,370,9,7,12,22
12-12-2018,349,118,9,10,10,11
13-12-2018,183,165,8,17,9,12
14-12-2018,220,148,10,24,8,11
15-12-2018,206,206,20,32,10,12
16-12-2018,253,258,17,30,10,15
17-12-2018,274,294,23,28,11,15
18-12-2018,290,374,21,34,13,17
19-12-2018,338,474,20,34,12,25
20-12-2018,383,391,22,39,10,18
21-12-2018,366,554,22,52,13,20
22-12-2018,460,785,21,59,13,34
23-12-2018,581,630,26,44,11,35
24-12-2018,506,364,15,34,9,17
25-12-2018,386,416,17,33,9,19
26-12-2018,394,520,10,38,10,32
27-12-2018,413,342,13,33,9,14
28-12-2018,364,425,15,46,12,18
29-12-2018,387,565,15,45,13,28
30-12-2018,450, , , , , 
01-07-2018,119,222,10,22,11,7
02-07-2018,126,129,24,26,8,9
03-07-2018,136,111,33,22,8,8
04-07-2018,148,110,21,20,8,7
05-07-2018,140,132,20,18,8,8
06-07-2018,149,119,34,17,9,8
07-07-2018,157,119,42,19,9,7
08-07-2018,151,170,18,28,8,9
09-07-2018,155,115,25,23,8,8
10-07-2018,128,115,16,20,9,9
11-07-2018,128,132,30,18,9,9
12-07-2018,126,83,7,18,8,8
13-07-2018,100,95,9,16,8,10
14-07-2018,93,107,14,15,8,9
15-07-2018,102,92,7,19,9,11
16-07-2018,87,102,36,18,9,10
17-07-2018,102,105,15,12,8,8
18-07-2018,107,92,12,14,8,9
19-07-2018,107,83,7,14,8,9
20-07-2018,110,106,28,15,9,12
21-07-2018,157,71,7,14,9,10
22-07-2018,106,93,8,9,9,9
23-07-2018,103,115,15,11,10,11
24-07-2018,141,108,5,16,13,10
25-07-2018,138,46,4,16,9,8
26-07-2018,89,31,4,13,8,8
27-07-2018,76,50,9,16,9,9
28-07-2018,91,87,8,24,9,9
29-07-2018,151,85,4,25,8,6
30-07-2018,140,119,8,30,8,9
31-07-2018,159,120,9,28,11,8
01-08-2018,149,152,7,26,11,7
02-08-2018,163,152,6,31,13,8
03-08-2018,161,146,9,27,11,8
04-08-2018,163,139,3,26,11,7
05-08-2018,166,82,4,20,9,9
06-08-2018,123,81,9,20,9,9
07-08-2018,140,67,13,21,8,10
08-08-2018,131,99,13,23,9,9
09-08-2018,142,92,14,31,9,11
10-08-2018,123,82,6,22,10,8
11-08-2018,108,93,7,22,11,8
12-08-2018,125,75,9,18,9,8
13-08-2018,113,90,13,21,8,10
14-08-2018,117,84,19,22,8,8
15-08-2018,112,73,19,22,8,11
16-08-2018,103,65,16,22,8,9
17-08-2018,89,82,58,28,8,11
18-08-2018,100,72,33,18,5,11
19-08-2018,107,50,12,27,10,12
20-08-2018,115,29,11,28,10,11
21-08-2018,150,53,8,30,9,10
22-08-2018,172,75,3,20,11,9
23-08-2018,102,101,5,21,10,9
24-08-2018,113,100,4,21,12,8
25-08-2018,112,73,8,13,10,7
26-08-2018,90,55,5,16,10,8
27-08-2018,78,67,6,19,9,12
28-08-2018,98,120,31,14,11,14
29-08-2018,151,92,16,3,10,12
30-08-2018,129,121,5,3,12,9
31-08-2018,136,95,6,2,11,13
01-09-2018,125,69,21, ,9,9
02-09-2018,118,63,8, ,10,13
03-09-2018,123,102,20, ,11,19
04-09-2018,164,92,4, ,11,12
05-09-2018,129,118,7,29,10,11
06-09-2018,124,78,9,29,9,11
07-09-2018,117,89,5,22,8,9
08-09-2018,117,63,2,26,10,10
09-09-2018,137,96,18,29,12,13
10-09-2018,146,100,4,22,12,10
11-09-2018,115,104,5,14,10,8
12-09-2018,118,105,7,13,13,7
13-09-2018,111,107,12,13,12,7
14-09-2018,113,163,12,14,12,9
15-09-2018,179,116,15,12,10,7
16-09-2018,134,127,24,11,10,8
17-09-2018,147,146,28,11,9,9
18-09-2018,160,140,33,13,11,9
19-09-2018,154,144,42,15,10,11
20-09-2018,166,155,13,18,12,11
21-09-2018,182,72,7,18,12,9
22-09-2018,109, ,9,18,11,8
23-09-2018,129, ,6,13,12,8
24-09-2018,86, ,7,16,11,8
25-09-2018,79, ,17,20,11,10
26-09-2018,122, ,25,21,12,14
27-09-2018,158, ,24,25,12,21
28-09-2018,170, ,34,22,12,13
29-09-2018,172, ,25,18,12,9
30-09-2018,142,198,30,22,13,11
01-04-2018,192,255,43,25,16,8
02-04-2018,208,281,43,35,16,10
03-04-2018,188, , , , , 
05-04-2018,165,164,29,17,14,6
06-04-2018,171,150,30,19,11,6
07-04-2018,150,154,34,17,10,5
08-04-2018,155,158,20,16,8,7
09-04-2018,145,344,45,21,17,10
10-04-2018,190,127,20,9,7,4
11-04-2018,130,134,34,15,7,9
12-04-2018,132,146,35,15,9,8
13-04-2018,142,216,33,16,9,8
14-04-2018,164,227,45,19,14,9
15-04-2018,170,373,37,19,17,11
16-04-2018,183,249,18,17,9,8
17-04-2018,163,180,28,11,6,4
18-04-2018,146,219,35,14,12,6
19-04-2018,188,427,15,15,18,5
20-04-2018,218,420,26,9,7,3
21-04-2018,196,152,29,10,13,3
22-04-2018,147,191,44,12,6,5
23-04-2018,150,258,50,17,15,8
24-04-2018,170,463,36,20,23,15
25-04-2018,187,453,74,16,16,13
26-04-2018,187,447,50,13,11,7
27-04-2018,177,412,42,14,12,5
28-04-2018,178,270,69,17,11,6
29-04-2018,182,248,74,17,14,6
30-04-2018,182,188,45,9,5,4
01-05-2018,163,227,39,7,5,5
02-05-2018,181,178,20,9,11,4
03-05-2018,150,131,35,10,9,5
04-05-2018,143,180,77,14,10,7
05-05-2018,167,357,40,14,12,10
06-05-2018,197,268,72,14,12,9
07-05-2018,183,164,34,8,5,2
08-05-2018,149,134,53,11,8,5
09-05-2018,146,160,65,16,12,7
10-05-2018,164,416,63,22,23,13
11-05-2018,214,410,78,21,15,17
12-05-2018,216,218,25,16,10,7
13-05-2018,176,131,36,20,9,6
14-05-2018,140,161,41,28,10,8
15-05-2018,165,160,40,16,8,6
16-05-2018,166,220,51,18,10,6
17-05-2018,183,135,39,17,6,8
18-05-2018,162,247,51,57,28,15
19-05-2018,190,150,36,41,27,9
20-05-2018,167,153,28,36,21,7
21-05-2018,163,180,52,44,26,11
22-05-2018,174,235,56,47,30,15
23-05-2018,200,187,38,38,27,11
24-05-2018,186,169,46,44,30,10
25-05-2018,164,230,47,55,36,13
26-05-2018,184,268,31,57,40,10
27-05-2018,181,185,49,55,33,12
28-05-2018,175,246,40,49,28,13
29-05-2018,193,229,29,25,18,6
30-05-2018,173,167,33,28,21,8
31-05-2018,169,148,28,24,17,6
01-06-2018,164, , , , , 
03-06-2018,152,139,21,22,15,5
04-06-2018,160,147,22,22,17,13
05-06-2018,168,119,14,22,14,6
06-06-2018,157,116,35,24,18,8
07-06-2018,162,186,14,23,13,8
08-06-2018,180,115,7,20,10,7
09-06-2018,148,96,23,20,9,6
10-06-2018,151,135,23,22,10,6
11-06-2018,168,432,9,22,24,6
12-06-2018,252,979,6,15,23,5
13-06-2018,407,797,13,21,28,9
14-06-2018,356,643,20,19,33,8
15-06-2018,260,652,13,17,17,10
16-06-2018,251,220,21,12,12,8
17-06-2018,168,128,23,18,15,9
18-06-2018,149,120,35,16,12,8
19-06-2018,150,141,54,27,18,9
20-06-2018,160,290,57,22,18,10
21-06-2018,183,210,86,30,18,12
22-06-2018,171,186,51,29,15,12
23-06-2018,168,141,42,18,17,9
24-06-2018,155,220,29,21,16,9
25-06-2018,171,139,13,24,20,10
26-06-2018,162,96,28,21,12,10
27-06-2018,142,81,14,20,9,10
28-06-2018,83,97,14,27,9,9
29-06-2018,151,99,13,26,10,10
30-06-2018,136,108,9,25,11,11
19-01-2018,437,438, , , , 
20-01-2018,350, , , , , 
23-01-2018,314,212,4,13,4,9
24-01-2018,274,207,2,17,2,8
25-01-2018,260,182,4,9,1,6
26-01-2018,268,330,6,13,2,13
27-01-2018,313,250,5,12,1,11
28-01-2018,267,448,1,17,6,12
29-01-2018,398,325,6,15,8,8
30-01-2018,277,218,6,15,4,7
31-01-2018,241,391,10,18,17,13
01-02-2018,325,277,11,15,5,10
02-02-2018,251,242,18,15,7,9
03-02-2018,222,234,22,15,5,9
04-02-2018,240,304,20,18,8,10
05-02-2018,275,247,18,15,4,8
06-02-2018,232,207,22,17,4,9
07-02-2018,218,330,27,17,6,13
08-02-2018,278,387,32,18,9,12
09-02-2018,325,490,27,19,7,24
10-02-2018,316,361,19,23,9,10
11-02-2018,228,291,13,19,6,6
12-02-2018,180,181,24,16,6,10
13-02-2018,208,130,23,12,4,4
14-02-2018,162,140,24,15,5,6
15-02-2018,168,187,25,21,6,8
16-02-2018,189,202,24,22,11,9
17-02-2018,195,196,31, ,10,10
18-02-2018,189,304,36,21,13,14
19-02-2018,244,289,32,28,11,16
20-02-2018,232,504,5,40,12,27
21-02-2018,385,251,29,21,8,12
22-02-2018,200,207,26,24,11,14
23-02-2018,219,369,16,34,15,15
24-02-2018,235,157,22,13,7,7
25-02-2018,176,133,20,14,5,8
26-02-2018,154,146,22,21,6,11
27-02-2018,179,246,25,23,9,11
28-02-2018,214,197,20,24,7,9
01-03-2018,191,221,27,21,6,15
02-03-2018,203,166,21,14,7,6
03-03-2018,182,136,19,16,7,7
04-03-2018,163,130,24,16,8,5
05-03-2018,160,126,22,18,8,5
06-03-2018,160,124,29,17,7,5
07-03-2018,162,335,25,27,12,19
08-03-2018,249,136,30,12,7,5
09-03-2018,164,132,20,13,6,4
10-03-2018,158,136,25,15,8,3
11-03-2018,195,221,26,20,11,5
12-03-2018,203,230,25,25,20,5
13-03-2018,236,275,24,20,13,7
14-03-2018,180,342,16,21,13,10
15-03-2018,230,224,29,17,9,9
16-03-2018,190,174,16,19,11,7
17-03-2018,185, , , , , 
19-03-2018,163,208,33,27,17,11
20-03-2018,194,275,34,20,13,11
21-03-2018,228,139,24,16,8,7
22-03-2018,169,111,26,15,5,5
23-03-2018,161,128,33,17,7,6
24-03-2018,171,127,34,17,8,6
25-03-2018,180,128,34,20,7,7
26-03-2018,172,193,19,25,22,11
27-03-2018,206,307,30,30,19,18
28-03-2018,242,119,27,12,4,6
29-03-2018,158,171,26,21,8,9
30-03-2018,173,351,34,20,13,8
31-03-2018,220,243,41,20,13,8
31-12-2024, ,174,7,28,3,32
15-11-2024, ,503,20,13,7,42
07-07-2024, ,84,21,7, ,7
09-07-2024, ,107, ,16,1,8
01-08-2024, ,101,6,12, ,7
20-09-2024, ,183,27,45,2,22
03-05-2024, ,270,10,16,3,29
26-03-2024, ,99,11,14,3,8
20-07-2023, ,114,16,7,2,12
21-03-2023, ,123,25,13,2,7
09-07-2022, ,78,4,4,2,6
15-04-2022, ,152,33,2,6,6
29-05-2021, ,118,14,5,1,4
18-03-2021, ,115,14,18,4,10
01-09-2020, ,59,6,16,12,10
06-09-2020, ,91,7,22,10, 
02-06-2020, ,93,2,22,8,15
25-06-2020, ,80,6,13,10,13
31-12-2019, ,504,8,17,9,23
28-03-2020, ,47,2,14,6,11
15-09-2019, ,158,13,25,4,10
21-09-2019, ,122,14,17,6,7
31-12-2018, ,508,13,47,12,20
04-04-2018, ,143,41,8,8,4
02-06-2018, ,113,29,24,18,7
18-01-2018, ,515, , , , 
22-01-2018, ,317, , , , 
18-03-2018, ,148,27,21,9,7
31-03-2021, , ,13,14,2,6
